pkt_id,tx_ts_ns,rx1_ts_ns,rx2_ts_ns,latency_rx1_ns,latency_rx2_ns,diff_latency_ns
1,0,107,0,0,0,107
2,0,2004363,2004196,0,0,166
3,0,3994211,3994064,0,0,146
4,0,5996038,5995895,0,0,142
5,0,7998083,7997955,0,0,128
6,0,10000903,10000781,0,0,122
7,0,12001773,12001647,0,0,126
8,0,14005046,14004923,0,0,123
9,0,16006597,16006473,0,0,124
10,0,18009332,18009200,0,0,132
11,0,20010559,20010455,0,0,104
12,0,22012995,22012916,0,0,78
13,0,24015639,24015512,0,0,127
14,0,26018788,26018665,0,0,123
15,0,28020393,28020277,0,0,116
16,0,30021779,30021647,0,0,132
17,0,32023847,32023730,0,0,116
18,0,34026394,34026270,0,0,123
19,0,36028874,36028741,0,0,132
20,0,38033245,38033108,0,0,137
21,0,40034355,40034217,0,0,138
22,0,42036346,42036226,0,0,120
23,0,44039087,44039104,0,0,-17
24,0,46041116,46041070,0,0,45
25,0,48043139,48043029,0,0,110
26,0,50045356,50045295,0,0,60
27,0,52047149,52047011,0,0,138
28,0,54048771,54048734,0,0,36
29,0,56051999,56051862,0,0,137
30,0,58054229,58054102,0,0,126
31,0,60056184,60056071,0,0,112
32,0,62057775,62057642,0,0,133
33,0,64060815,64060694,0,0,121
34,0,66062053,66061912,0,0,141
35,0,68075534,68075388,0,0,146
36,0,70078456,70078328,0,0,128
37,0,72068859,72068734,0,0,124
38,0,74071816,74071731,0,0,85
39,0,76072527,76072418,0,0,108
40,0,78076117,78076031,0,0,85
41,0,80076933,80076798,0,0,134
42,0,82079394,82079303,0,0,90
43,0,84081487,84081355,0,0,132
44,0,86083804,86083685,0,0,118
45,0,88086556,88086424,0,0,131
46,0,90088842,90088716,0,0,126
47,0,92090593,92090469,0,0,124
48,0,94092880,94092791,0,0,88
49,0,96094968,96094851,0,0,116
50,0,98097309,98097174,0,0,134
51,0,100099557,100099440,0,0,116
52,0,102101345,102101238,0,0,106
53,0,104103979,104103854,0,0,124
54,0,106106327,106106199,0,0,128
55,0,108108263,108108132,0,0,131
56,0,110111207,110111103,0,0,103
57,0,112114355,112114232,0,0,122
58,0,114115584,114115467,0,0,116
59,0,116117674,116117561,0,0,112
60,0,118118762,118118656,0,0,106
61,0,120121483,120121497,0,0,-13
62,0,122124458,122124360,0,0,98
63,0,124126094,124125986,0,0,108
64,0,126128569,126128584,0,0,-15
65,0,128130420,128130314,0,0,106
66,0,130133173,130133065,0,0,107
67,0,132134909,132134805,0,0,103
68,0,134137545,134137441,0,0,103
69,0,136139510,136139396,0,0,113
70,0,138141928,138141793,0,0,134
71,0,140143958,140143851,0,0,106
72,0,142146433,142146330,0,0,103
73,0,144149739,144149617,0,0,121
74,0,146151031,146150914,0,0,116
75,0,148152662,148152529,0,0,133
76,0,150155439,150155469,0,0,-29
77,0,152157397,152157356,0,0,40
78,0,154159928,154159821,0,0,106
79,0,156160558,156160454,0,0,103
80,0,158164130,158164024,0,0,105
81,0,160166188,160166105,0,0,83
82,0,162168438,162168321,0,0,116
83,0,164170396,164170272,0,0,123
84,0,166172606,166172522,0,0,84
85,0,168174930,168174824,0,0,105
86,0,170177386,170177282,0,0,104
87,0,172179960,172179974,0,0,-13
88,0,174181921,174181852,0,0,68
89,0,176184430,176184322,0,0,107
90,0,178186168,178186085,0,0,83
91,0,180188348,180188229,0,0,119
92,0,182190840,182190764,0,0,76
93,0,184193386,184193269,0,0,116
94,0,186195329,186195222,0,0,106
95,0,188197069,188196955,0,0,114
96,0,190199650,190199530,0,0,119
97,0,192201630,192201494,0,0,136
98,0,194204923,194204797,0,0,126
99,0,196205803,196205667,0,0,136
100,0,198207387,198207283,0,0,103
101,0,200210795,200210687,0,0,108
102,0,202213026,202212911,0,0,114
103,0,204215509,204215396,0,0,112
104,0,206217524,206217414,0,0,110
105,0,208219618,208219506,0,0,112
106,0,210221714,210221822,0,0,-108
107,0,212224159,212224037,0,0,121
108,0,214226062,214225930,0,0,132
109,0,216228575,216228431,0,0,144
110,0,218230490,218230348,0,0,141
111,0,220232510,220232392,0,0,118
112,0,222235107,222234999,0,0,108
113,0,224237093,224236952,0,0,140
114,0,226239586,226239471,0,0,114
115,0,228242113,228242001,0,0,112
116,0,230244516,230244485,0,0,31
117,0,232247246,232247114,0,0,131
118,0,234248535,234248403,0,0,132
119,0,236250821,236250717,0,0,103
120,0,238252955,238252847,0,0,108
121,0,240255303,240255188,0,0,114
122,0,242257413,242257300,0,0,113
123,0,244261497,244261366,0,0,131
124,0,246262424,246262285,0,0,138
125,0,248263328,248263228,0,0,100
126,0,250266258,250266177,0,0,81
127,0,252268128,252267985,0,0,142
128,0,254270537,254270420,0,0,116
129,0,256272815,256272684,0,0,131
130,0,258275515,258275386,0,0,128
131,0,260277319,260277173,0,0,146
132,0,262279570,262279437,0,0,132
133,0,264281664,264281527,0,0,137
134,0,266284139,266283979,0,0,159
135,0,268286413,268286439,0,0,-25
136,0,270289128,270288982,0,0,145
137,0,272292051,272291899,0,0,152
138,0,274292673,274292536,0,0,137
139,0,276295085,276294929,0,0,155
140,0,278297946,278297737,0,0,208
141,0,280300442,280300298,0,0,144
142,0,282303649,282303496,0,0,152
143,0,284305188,284305067,0,0,121
144,0,286306309,286306142,0,0,166
145,0,288308510,288308377,0,0,132
146,0,290311285,290311158,0,0,126
147,0,292313116,292312986,0,0,130
148,0,294315062,294314924,0,0,138
149,0,296317490,296317377,0,0,112
150,0,298319762,298319624,0,0,138
151,0,300322062,300321928,0,0,134
152,0,302324080,302323927,0,0,152
153,0,304326478,304326346,0,0,131
154,0,306328406,306328280,0,0,126
155,0,308330411,308330356,0,0,55
156,0,310332776,310332658,0,0,118
157,0,312335306,312335169,0,0,137
158,0,314338276,314338173,0,0,103
159,0,316340254,316340113,0,0,141
160,0,318342093,318341950,0,0,142
161,0,320343920,320343793,0,0,126
162,0,322347344,322347207,0,0,137
163,0,324349709,324349566,0,0,142
164,0,326350568,326350446,0,0,122
165,0,328352894,328352763,0,0,131
166,0,330355453,330355325,0,0,128
167,0,332357456,332357335,0,0,121
168,0,334359826,334359703,0,0,123
169,0,336361438,336361312,0,0,126
170,0,338363020,338362920,0,0,100
171,0,340366064,340365947,0,0,116
172,0,342369049,342368922,0,0,126
173,0,344372775,344372660,0,0,115
174,0,346373099,346372988,0,0,110
175,0,348375342,348375229,0,0,112
176,0,350379107,350378983,0,0,123
177,0,352379461,352379337,0,0,124
178,0,354382069,354381962,0,0,106
179,0,356384371,356384261,0,0,110
180,0,358386426,358386300,0,0,126
181,0,360388694,360388569,0,0,124
182,0,362390960,362390859,0,0,101
183,0,364392949,364392842,0,0,106
184,0,366395611,366395464,0,0,146
185,0,368397665,368397516,0,0,148
186,0,370400334,370400202,0,0,132
187,0,372402874,372402763,0,0,110
188,0,374404090,374404085,0,0,5
189,0,376406814,376406684,0,0,130
190,0,378409044,378408932,0,0,112
191,0,380410719,380410606,0,0,112
192,0,382413252,382413131,0,0,121
193,0,384415125,384415019,0,0,106
194,0,386417945,386417820,0,0,124
195,0,388420675,388420566,0,0,108
196,0,390421970,390421872,0,0,98
197,0,392424287,392424280,0,0,6
198,0,394426503,394426391,0,0,112
199,0,396428548,396428444,0,0,103
200,0,398431247,398431125,0,0,121
201,0,400433386,400433280,0,0,106
202,0,402435351,402435239,0,0,112
203,0,404438272,404438142,0,0,130
204,0,406441207,406441197,0,0,10
205,0,408442121,408442006,0,0,114
206,0,410444071,410443955,0,0,116
207,0,412446583,412446473,0,0,110
208,0,414448552,414448451,0,0,101
209,0,416451887,416451759,0,0,128
210,0,418454155,418454072,0,0,82
211,0,420455440,420455321,0,0,119
212,0,422457762,422457739,0,0,23
213,0,424459716,424459593,0,0,123
214,0,426462933,426462829,0,0,103
215,0,428464045,428463932,0,0,113
216,0,430466547,430466457,0,0,89
217,0,432468410,432468275,0,0,134
218,0,434470873,434470786,0,0,86
219,0,436472950,436472810,0,0,140
220,0,438475046,438474961,0,0,85
221,0,440477943,440477824,0,0,118
222,0,442479754,442479631,0,0,122
223,0,444484224,444484117,0,0,106
224,0,446485301,446485159,0,0,141
225,0,448486759,448486636,0,0,123
226,0,450488512,450488410,0,0,101
227,0,452490801,452490658,0,0,143
228,0,454493021,454492910,0,0,110
229,0,456495466,456495337,0,0,128
230,0,458497803,458497644,0,0,158
231,0,460499887,460499746,0,0,141
232,0,462502201,462502121,0,0,79
233,0,464505027,464504912,0,0,114
234,0,466508953,466508836,0,0,116
235,0,468508633,468508522,0,0,110
236,0,470510988,470510911,0,0,76
237,0,472513073,472512940,0,0,132
238,0,474515528,474515424,0,0,104
239,0,476517154,476517042,0,0,112
240,0,478518905,478518821,0,0,83
241,0,480522173,480522052,0,0,120
242,0,482524305,482524176,0,0,128
243,0,484526719,484526597,0,0,122
244,0,486528912,486528805,0,0,106
245,0,488531357,488531222,0,0,134
246,0,490533584,490533450,0,0,134
247,0,492535901,492535795,0,0,106
248,0,494537776,494537667,0,0,108
249,0,496539849,496539731,0,0,118
250,0,498542154,498542041,0,0,112
251,0,500543856,500543698,0,0,158
252,0,502545798,502545694,0,0,103
253,0,504548995,504548826,0,0,169
254,0,506552289,506552143,0,0,146
255,0,508552876,508552745,0,0,131
256,0,510555442,510555298,0,0,143
257,0,512557583,512557435,0,0,148
258,0,514559733,514559599,0,0,134
259,0,516561939,516561829,0,0,110
260,0,518564531,518564413,0,0,118
261,0,520566797,520566671,0,0,126
262,0,522569192,522569067,0,0,124
263,0,524571298,524571171,0,0,126
264,0,526573146,526573062,0,0,83
265,0,528575430,528575293,0,0,137
266,0,530577868,530577829,0,0,39
267,0,532579474,532579330,0,0,143
268,0,534580919,534580813,0,0,105
269,0,536584159,536584025,0,0,134
270,0,538586626,538586490,0,0,136
271,0,540588566,540588594,0,0,-27
272,0,542590885,542590813,0,0,71
273,0,544594795,544594668,0,0,126
274,0,546595328,546595298,0,0,29
275,0,548597489,548597335,0,0,153
276,0,550599601,550599454,0,0,146
277,0,552602479,552602337,0,0,142
278,0,554604268,554604139,0,0,128
279,0,556607271,556607120,0,0,151
280,0,558609806,558609692,0,0,114
281,0,560610999,560610874,0,0,124
282,0,562613805,562613671,0,0,134
283,0,564615526,564615415,0,0,111
284,0,566618003,566617885,0,0,118
285,0,568619814,568619662,0,0,151
286,0,570622461,570622335,0,0,125
287,0,572624179,572624069,0,0,110
288,0,574626312,574626195,0,0,116
289,0,576629265,576629134,0,0,130
290,0,578631573,578631465,0,0,107
291,0,580632738,580632606,0,0,131
292,0,582634593,582634578,0,0,14
293,0,584638695,584638577,0,0,117
294,0,586639624,586639494,0,0,130
295,0,588642098,588641975,0,0,122
296,0,590644752,590644631,0,0,121
297,0,592646462,592646319,0,0,142
298,0,594648654,594648516,0,0,138
299,0,596651013,596650912,0,0,101
300,0,598653626,598653542,0,0,83
301,0,600655649,600655525,0,0,123
302,0,602657483,602657379,0,0,103
303,0,604660183,604660085,0,0,98
304,0,606662014,606661903,0,0,111
305,0,608664404,608664292,0,0,112
306,0,610666723,610666667,0,0,56
307,0,612668613,612668478,0,0,135
308,0,614670966,614670880,0,0,86
309,0,616673155,616673024,0,0,131
310,0,618675495,618675391,0,0,103
311,0,620677724,620677606,0,0,118
312,0,622681128,622680994,0,0,133
313,0,624682343,624682212,0,0,130
314,0,626684271,626684265,0,0,6
315,0,628686261,628686139,0,0,121
316,0,630687541,630687432,0,0,108
317,0,632690815,632690687,0,0,128
318,0,634693195,634693087,0,0,107
319,0,636695148,636695045,0,0,103
320,0,638698256,638698146,0,0,110
321,0,640700060,640699952,0,0,107
322,0,642702391,642702278,0,0,112
323,0,644705849,644705733,0,0,116
324,0,646707089,646706984,0,0,105
325,0,648709372,648709249,0,0,123
326,0,650711263,650711158,0,0,105
327,0,652713301,652713185,0,0,116
328,0,654716230,654716146,0,0,84
329,0,656717826,656717697,0,0,128
330,0,658719914,658719797,0,0,116
331,0,660723043,660722934,0,0,108
332,0,662723068,662722963,0,0,105
333,0,664725573,664725450,0,0,123
334,0,666729232,666729116,0,0,116
335,0,668730888,668730768,0,0,120
336,0,670733372,670733229,0,0,143
337,0,672735435,672735316,0,0,118
338,0,674738310,674738205,0,0,104
339,0,676739882,676739765,0,0,116
340,0,678742533,678742411,0,0,122
341,0,680744727,680744611,0,0,116
342,0,682746759,682746654,0,0,104
343,0,684749258,684749149,0,0,108
344,0,686751577,686751448,0,0,128
345,0,688753224,688753101,0,0,123
346,0,690755624,690755521,0,0,103
347,0,692758054,692757940,0,0,114
348,0,694760539,694760468,0,0,70
349,0,696762412,696762294,0,0,118
350,0,698764916,698764839,0,0,76
351,0,700768492,700768366,0,0,125
352,0,702769928,702769815,0,0,112
353,0,704770760,704770737,0,0,22
354,0,706773670,706773582,0,0,88
355,0,708775415,708775294,0,0,120
356,0,710778625,710778534,0,0,91
357,0,712781003,712780896,0,0,107
358,0,714782822,714782707,0,0,114
359,0,716784212,716784091,0,0,121
360,0,718786718,718786616,0,0,101
361,0,720789045,720788934,0,0,110
362,0,722791251,722791148,0,0,103
363,0,724793786,724793672,0,0,114
364,0,726796031,726795931,0,0,99
365,0,728797962,728797806,0,0,156
366,0,730800309,730800188,0,0,120
367,0,732802011,732801885,0,0,126
368,0,734804707,734804628,0,0,78
369,0,736806578,736806457,0,0,121
370,0,738810107,738809940,0,0,166
371,0,740811307,740811137,0,0,170
372,0,742813880,742813905,0,0,-24
373,0,744816914,744816779,0,0,134
374,0,746817917,746817779,0,0,138
375,0,748819673,748819501,0,0,171
376,0,750821106,750820974,0,0,132
377,0,752824680,752824546,0,0,134
378,0,754826684,754826550,0,0,134
379,0,756828923,756828790,0,0,132
380,0,758831687,758831586,0,0,101
381,0,760833622,760833474,0,0,148
382,0,762836025,762835882,0,0,143
383,0,764837591,764837460,0,0,130
384,0,766840009,766839885,0,0,123
385,0,768842228,768842099,0,0,128
386,0,770844422,770844330,0,0,91
387,0,772846740,772846636,0,0,103
388,0,774848886,774848772,0,0,114
389,0,776851389,776851247,0,0,141
390,0,778854467,778854350,0,0,116
391,0,780855388,780855262,0,0,125
392,0,782858267,782858136,0,0,131
393,0,784860473,784860492,0,0,-19
394,0,786862490,786862374,0,0,116
395,0,788864060,788863914,0,0,146
396,0,790865725,790865671,0,0,53
397,0,792869429,792869462,0,0,-33
398,0,794871313,794871159,0,0,154
399,0,796873180,796873049,0,0,130
400,0,798875996,798875878,0,0,118
401,0,800877889,800877757,0,0,132
402,0,802880080,802879927,0,0,152
403,0,804882408,804882292,0,0,116
404,0,806884730,806884622,0,0,107
405,0,808886883,808886760,0,0,122
406,0,810888599,810888495,0,0,103
407,0,812890148,812890141,0,0,6
408,0,814893761,814893588,0,0,173
409,0,816896621,816896500,0,0,121
410,0,818898316,818898162,0,0,154
411,0,820899656,820899498,0,0,158
412,0,822901444,822901356,0,0,88
413,0,824905479,824905341,0,0,138
414,0,826908301,826908316,0,0,-15
415,0,828908976,828908822,0,0,154
416,0,830911379,830911235,0,0,144
417,0,832913444,832913310,0,0,134
418,0,834916077,834916086,0,0,-8
419,0,836918128,836917977,0,0,150
420,0,838920385,838920278,0,0,106
421,0,840922478,840922348,0,0,130
422,0,842924578,842924466,0,0,112
423,0,844928302,844928155,0,0,146
424,0,846929444,846929321,0,0,122
425,0,848931462,848931325,0,0,137
426,0,850933465,850933373,0,0,92
427,0,852935679,852935547,0,0,132
428,0,854938351,854938262,0,0,88
429,0,856942176,856942056,0,0,119
430,0,858943562,858943449,0,0,113
431,0,860944483,860944379,0,0,104
432,0,862947111,862947007,0,0,103
433,0,864949638,864949523,0,0,115
434,0,866951278,866951160,0,0,118
435,0,868953222,868953134,0,0,87
436,0,870955844,870955721,0,0,123
437,0,872958495,872958366,0,0,128
438,0,874960519,874960398,0,0,120
439,0,876962835,876962717,0,0,118
440,0,878965589,878965465,0,0,123
441,0,880968127,880967997,0,0,129
442,0,882969275,882969247,0,0,28
443,0,884971258,884971130,0,0,128
444,0,886973451,886973348,0,0,102
445,0,888976352,888976245,0,0,106
446,0,890978104,890977989,0,0,114
447,0,892979924,892979816,0,0,107
448,0,894982665,894982540,0,0,124
449,0,896984407,896984305,0,0,102
450,0,898987268,898987146,0,0,122
451,0,900989353,900989233,0,0,120
452,0,902991460,902991325,0,0,134
453,0,904993480,904993366,0,0,114
454,0,906995593,906995458,0,0,134
455,0,908998032,908997927,0,0,105
456,0,911000570,911000426,0,0,144
457,0,913002797,913002690,0,0,106
458,0,915004624,915004503,0,0,121
459,0,917006601,917006491,0,0,110
460,0,919009022,919008948,0,0,74
461,0,921011575,921011467,0,0,108
462,0,923014010,923013927,0,0,83
463,0,925016104,925015975,0,0,128
464,0,927017706,927017577,0,0,128
465,0,929019358,929019228,0,0,130
466,0,931022900,931022793,0,0,106
467,0,933025116,933024997,0,0,118
468,0,935027922,935027809,0,0,112
469,0,937029238,937029090,0,0,148
470,0,939031964,939031854,0,0,110
471,0,941034024,941033904,0,0,120
472,0,943035807,943035691,0,0,116
473,0,945039775,945039668,0,0,107
474,0,947040342,947040235,0,0,106
475,0,949042141,949042029,0,0,112
476,0,951043918,951043826,0,0,91
477,0,953047057,953046954,0,0,103
478,0,955049129,955049022,0,0,106
479,0,957051431,957051322,0,0,108
480,0,959053372,959053251,0,0,120
481,0,961055857,961055750,0,0,106
482,0,963058202,963058122,0,0,79
483,0,965060111,965059993,0,0,118
484,0,967062260,967062188,0,0,71
485,0,969064662,969064521,0,0,140
486,0,971067605,971067487,0,0,117
487,0,973070368,973070250,0,0,118
488,0,975072075,975071965,0,0,110
489,0,977074522,977074410,0,0,112
490,0,979075990,979075847,0,0,142
491,0,981077933,981077798,0,0,134
492,0,983080723,983080593,0,0,130
493,0,985082683,985082538,0,0,144
494,0,987084732,987084595,0,0,136
495,0,989086760,989086615,0,0,145
496,0,991089305,991089200,0,0,105
497,0,993091647,993091494,0,0,153
498,0,995094137,995094024,0,0,112
499,0,997095885,997095737,0,0,148
500,0,999098318,999098206,0,0,112
501,0,1001100548,1001100429,0,0,119
502,0,1003102791,1003102693,0,0,98
503,0,1005104997,1005104883,0,0,114
504,0,1007107191,1007107055,0,0,136
505,0,1009109373,1009109257,0,0,116
506,0,1011111370,1011111270,0,0,100
507,0,1013114042,1013113920,0,0,122
508,0,1015115996,1015115851,0,0,145
509,0,1017118266,1017118136,0,0,130
510,0,1019120687,1019120607,0,0,79
511,0,1021122766,1021122648,0,0,118
512,0,1023124658,1023124555,0,0,102
513,0,1025127430,1025127303,0,0,126
514,0,1027129012,1027128902,0,0,110
515,0,1029131425,1029131288,0,0,137
516,0,1031133947,1031133789,0,0,157
517,0,1033136435,1033136310,0,0,125
518,0,1035138720,1035138573,0,0,146
519,0,1037141000,1037140873,0,0,126
520,0,1039142692,1039142540,0,0,152
521,0,1041144883,1041144746,0,0,137
522,0,1043147359,1043147235,0,0,124
523,0,1045150816,1045150712,0,0,104
524,0,1047151711,1047151583,0,0,128
525,0,1049153849,1049153737,0,0,112
526,0,1051157177,1051157046,0,0,131
527,0,1053158537,1053158532,0,0,5
528,0,1055160656,1055160534,0,0,121
529,0,1057163226,1057163114,0,0,112
530,0,1059164976,1059164858,0,0,118
531,0,1061167076,1061166932,0,0,144
532,0,1063169341,1063169219,0,0,121
533,0,1065171607,1065171463,0,0,143
534,0,1067173933,1067173828,0,0,105
535,0,1069176192,1069176049,0,0,142
536,0,1071178505,1071178346,0,0,159
537,0,1073180779,1073180638,0,0,141
538,0,1075182750,1075182631,0,0,118
539,0,1077184606,1077184480,0,0,125
540,0,1079187267,1079187185,0,0,81
541,0,1081190188,1081190051,0,0,136
542,0,1083192604,1083192483,0,0,121
543,0,1085193603,1085193460,0,0,143
544,0,1087195919,1087195791,0,0,128
545,0,1089198127,1089197985,0,0,141
546,0,1091200747,1091200616,0,0,130
547,0,1093202758,1093202614,0,0,143
548,0,1095205045,1095204890,0,0,155
549,0,1097207514,1097207367,0,0,146
550,0,1099209667,1099209559,0,0,107
551,0,1101211564,1101211424,0,0,139
552,0,1103214413,1103214245,0,0,168
553,0,1105216247,1105216125,0,0,121
554,0,1107218420,1107218339,0,0,80
555,0,1109220237,1109220112,0,0,124
556,0,1111223173,1111223022,0,0,151
557,0,1113225139,1113224999,0,0,139
558,0,1115227494,1115227373,0,0,120
559,0,1117229398,1117229285,0,0,113
560,0,1119231629,1119231498,0,0,130
561,0,1121234522,1121234381,0,0,141
562,0,1123237408,1123237300,0,0,108
563,0,1125237930,1125237806,0,0,124
564,0,1127239685,1127239528,0,0,156
565,0,1129243872,1129243734,0,0,138
566,0,1131245372,1131245271,0,0,101
567,0,1133247602,1133247475,0,0,126
568,0,1135249750,1135249622,0,0,128
569,0,1137251878,1137251739,0,0,138
570,0,1139253503,1139253385,0,0,118
571,0,1141255919,1141255795,0,0,123
572,0,1143258588,1143258450,0,0,138
573,0,1145261915,1145261801,0,0,114
574,0,1147262855,1147262770,0,0,85
575,0,1149264838,1149264714,0,0,124
576,0,1151267247,1151267126,0,0,120
577,0,1153269669,1153269550,0,0,119
578,0,1155272011,1155271894,0,0,116
579,0,1157273732,1157273617,0,0,115
580,0,1159276694,1159276589,0,0,104
581,0,1161278485,1161278343,0,0,141
582,0,1163280514,1163280433,0,0,80
583,0,1165283244,1165283137,0,0,106
584,0,1167286419,1167286293,0,0,125
585,0,1169287408,1169287287,0,0,121
586,0,1171289706,1171289586,0,0,120
587,0,1173291280,1173291170,0,0,110
588,0,1175293118,1175293024,0,0,93
589,0,1177296043,1177295932,0,0,110
590,0,1179299024,1179298906,0,0,118
591,0,1181301625,1181301523,0,0,101
592,0,1183302510,1183302398,0,0,111
593,0,1185304625,1185304512,0,0,112
594,0,1187306875,1187306755,0,0,120
595,0,1189309615,1189309503,0,0,112
596,0,1191311795,1191311692,0,0,103
597,0,1193314110,1193313996,0,0,113
598,0,1195316815,1195316707,0,0,108
599,0,1197319712,1197319600,0,0,112
600,0,1199320631,1199320523,0,0,107
601,0,1201322766,1201322644,0,0,121
602,0,1203324864,1203324723,0,0,140
603,0,1205327043,1205326913,0,0,130
604,0,1207329069,1207328947,0,0,122
605,0,1209330952,1209330806,0,0,146
606,0,1211333885,1211333746,0,0,138
607,0,1213336069,1213335930,0,0,138
608,0,1215338726,1215338586,0,0,139
609,0,1217341159,1217341015,0,0,143
610,0,1219343335,1219343235,0,0,99
611,0,1221344890,1221344779,0,0,111
612,0,1223346840,1223346779,0,0,60
613,0,1225349454,1225349350,0,0,103
614,0,1227352002,1227351889,0,0,112
615,0,1229354665,1229354553,0,0,112
616,0,1231358010,1231357897,0,0,112
617,0,1233359383,1233359295,0,0,87
618,0,1235360555,1235360439,0,0,116
619,0,1237363051,1237362919,0,0,132
620,0,1239365241,1239365138,0,0,103
621,0,1241367306,1241367176,0,0,130
622,0,1243369728,1243369597,0,0,130
623,0,1245374096,1245373973,0,0,123
624,0,1247374133,1247374025,0,0,107
625,0,1249375986,1249375867,0,0,119
626,0,1251378458,1251378349,0,0,108
627,0,1253380152,1253380040,0,0,111
628,0,1255381680,1255381560,0,0,119
629,0,1257385291,1257385134,0,0,156
630,0,1259387301,1259387157,0,0,143
631,0,1261389673,1261389549,0,0,123
632,0,1263391424,1263391287,0,0,137
633,0,1265392851,1265392718,0,0,133
634,0,1267396412,1267396287,0,0,124
635,0,1269398323,1269398188,0,0,134
636,0,1271401031,1271400911,0,0,119
637,0,1273402887,1273402755,0,0,132
638,0,1275405191,1275405062,0,0,128
639,0,1277407246,1277407097,0,0,148
640,0,1279410092,1279409968,0,0,123
641,0,1281412252,1281412096,0,0,156
642,0,1283414085,1283413981,0,0,104
643,0,1285416901,1285416767,0,0,134
644,0,1287418985,1287418997,0,0,-12
645,0,1289420687,1289420541,0,0,146
646,0,1291422835,1291422687,0,0,148
647,0,1293425554,1293425419,0,0,134
648,0,1295427397,1295427262,0,0,134
649,0,1297429421,1297429282,0,0,139
650,0,1299431788,1299431655,0,0,133
651,0,1301433660,1301433541,0,0,118
652,0,1303435220,1303435115,0,0,105
653,0,1305438586,1305438458,0,0,127
654,0,1307440712,1307440569,0,0,143
655,0,1309442633,1309442512,0,0,120
656,0,1311445634,1311445548,0,0,86
657,0,1313447422,1313447299,0,0,123
658,0,1315449298,1315449177,0,0,121
659,0,1317451524,1317451407,0,0,116
660,0,1319453797,1319453662,0,0,134
661,0,1321456167,1321456055,0,0,112
662,0,1323459702,1323459559,0,0,143
663,0,1325460725,1325460604,0,0,121
664,0,1327462874,1327462743,0,0,131
665,0,1329465104,1329464972,0,0,132
666,0,1331467334,1331467200,0,0,134
667,0,1333469339,1333469220,0,0,119
668,0,1335471520,1335471412,0,0,107
669,0,1337474402,1337474274,0,0,128
670,0,1339476624,1339476489,0,0,134
671,0,1341478195,1341478065,0,0,130
672,0,1343481087,1343480966,0,0,120
673,0,1345484277,1345484154,0,0,123
674,0,1347486182,1347486075,0,0,106
675,0,1349488299,1349488173,0,0,126
676,0,1351490010,1351489921,0,0,88
677,0,1353492105,1353492005,0,0,100
678,0,1355494376,1355494243,0,0,132
679,0,1357495982,1357495870,0,0,112
680,0,1359498555,1359498426,0,0,129
681,0,1361501810,1361501701,0,0,108
682,0,1363503444,1363503325,0,0,118
683,0,1365504941,1365504815,0,0,125
684,0,1367507459,1367507352,0,0,106
685,0,1369509845,1369509723,0,0,122
686,0,1371513182,1371513055,0,0,126
687,0,1373515015,1373514894,0,0,121
688,0,1375516440,1375516299,0,0,140
689,0,1377518294,1377518150,0,0,143
690,0,1379520932,1379520822,0,0,110
691,0,1381522580,1381522449,0,0,131
692,0,1383524070,1383523934,0,0,136
693,0,1385527509,1385527360,0,0,148
694,0,1387529984,1387529835,0,0,148
695,0,1389532023,1389531893,0,0,130
696,0,1391534171,1391534047,0,0,124
697,0,1393536314,1393536168,0,0,145
698,0,1395538347,1395538259,0,0,87
699,0,1397540709,1397540597,0,0,112
700,0,1399543167,1399543064,0,0,103
701,0,1401547335,1401547209,0,0,125
702,0,1403548726,1403548574,0,0,152
703,0,1405550058,1405549935,0,0,122
704,0,1407552119,1407551981,0,0,138
705,0,1409554490,1409554364,0,0,125
706,0,1411556534,1411556421,0,0,112
707,0,1413558834,1413558716,0,0,118
708,0,1415561151,1415561024,0,0,126
709,0,1417563426,1417563316,0,0,110
710,0,1419565626,1419565473,0,0,153
711,0,1421567655,1421567562,0,0,92
712,0,1423570114,1423569992,0,0,121
713,0,1425571898,1425571790,0,0,108
714,0,1427574393,1427574286,0,0,107
715,0,1429575984,1429575870,0,0,113
716,0,1431577620,1431577494,0,0,126
717,0,1433581327,1433581218,0,0,108
718,0,1435582863,1435582747,0,0,116
719,0,1437585342,1437585238,0,0,103
720,0,1439588311,1439588205,0,0,105
721,0,1441590295,1441590186,0,0,109
722,0,1443592793,1443592710,0,0,83
723,0,1445596552,1445596431,0,0,121
724,0,1447596353,1447596235,0,0,118
725,0,1449598535,1449598429,0,0,106
726,0,1451600957,1451600851,0,0,105
727,0,1453603746,1453603662,0,0,84
728,0,1455606233,1455606127,0,0,106
729,0,1457607591,1457607492,0,0,98
730,0,1459609811,1459609707,0,0,103
731,0,1461611505,1461611404,0,0,101
732,0,1463613563,1463613487,0,0,76
733,0,1465617000,1465616873,0,0,126
734,0,1467618651,1467618553,0,0,98
735,0,1469621287,1469621215,0,0,72
736,0,1471623251,1471623138,0,0,112
737,0,1473625103,1473624995,0,0,107
738,0,1475627554,1475627435,0,0,118
739,0,1477629752,1477629600,0,0,152
740,0,1479633054,1479632948,0,0,106
741,0,1481634257,1481634113,0,0,143
742,0,1483636847,1483636744,0,0,102
743,0,1485638678,1485638532,0,0,146
744,0,1487641033,1487640871,0,0,161
745,0,1489642901,1489642752,0,0,148
746,0,1491645605,1491645489,0,0,116
747,0,1493647642,1493647494,0,0,148
748,0,1495649716,1495649568,0,0,148
749,0,1497652355,1497652228,0,0,126
750,0,1499654671,1499654542,0,0,128
751,0,1501656494,1501656359,0,0,134
752,0,1503658860,1503658712,0,0,148
753,0,1505661000,1505660879,0,0,121
754,0,1507663339,1507663219,0,0,119
755,0,1509665284,1509665152,0,0,132
756,0,1511668211,1511668090,0,0,121
757,0,1513669948,1513669815,0,0,132
758,0,1515672555,1515672452,0,0,102
759,0,1517675445,1517675313,0,0,132
760,0,1519676369,1519676251,0,0,118
761,0,1521678585,1521678452,0,0,132
762,0,1523681056,1523680934,0,0,121
763,0,1525682788,1525682670,0,0,118
764,0,1527685532,1527685400,0,0,132
765,0,1529688104,1529687956,0,0,148
766,0,1531689921,1531689802,0,0,118
767,0,1533692260,1533692139,0,0,121
768,0,1535694543,1535694386,0,0,157
769,0,1537696671,1537696537,0,0,134
770,0,1539698582,1539698465,0,0,116
771,0,1541700793,1541700680,0,0,112
772,0,1543703704,1543703566,0,0,138
773,0,1545707251,1545707104,0,0,146
774,0,1547707952,1547707791,0,0,160
775,0,1549709905,1549709772,0,0,132
776,0,1551712060,1551711946,0,0,114
777,0,1553714231,1553714120,0,0,111
778,0,1555716760,1555716615,0,0,144
779,0,1557719187,1557719065,0,0,121
780,0,1559719906,1559719806,0,0,99
781,0,1561723766,1561723629,0,0,136
782,0,1563725336,1563725191,0,0,144
783,0,1565727757,1565727631,0,0,126
784,0,1567729768,1567729694,0,0,73
785,0,1569731811,1569731693,0,0,118
786,0,1571734532,1571734429,0,0,102
787,0,1573736435,1573736302,0,0,132
788,0,1575738570,1575738446,0,0,124
789,0,1577740633,1577740476,0,0,157
790,0,1579742417,1579742291,0,0,125
791,0,1581745990,1581745884,0,0,105
792,0,1583749168,1583749033,0,0,134
793,0,1585749925,1585749793,0,0,132
794,0,1587752181,1587752067,0,0,114
795,0,1589754528,1589754382,0,0,146
796,0,1591756615,1591756511,0,0,104
797,0,1593758771,1593758646,0,0,125
798,0,1595762056,1595761923,0,0,132
799,0,1597763552,1597763444,0,0,107
800,0,1599765364,1599765257,0,0,106
801,0,1601768104,1601767993,0,0,110
802,0,1603769977,1603769872,0,0,105
803,0,1605772319,1605772201,0,0,118
804,0,1607774252,1607774164,0,0,87
805,0,1609776249,1609776132,0,0,116
806,0,1611778149,1611778012,0,0,137
807,0,1613780777,1613780646,0,0,131
808,0,1615783232,1615783130,0,0,102
809,0,1617785272,1617785125,0,0,147
810,0,1619787867,1619787748,0,0,118
811,0,1621790065,1621789934,0,0,130
812,0,1623792542,1623792440,0,0,102
813,0,1625794353,1625794229,0,0,124
814,0,1627796497,1627796391,0,0,106
815,0,1629798918,1629798786,0,0,132
816,0,1631801112,1631800985,0,0,126
817,0,1633804330,1633804208,0,0,121
818,0,1635805811,1635805689,0,0,122
819,0,1637807669,1637807543,0,0,125
820,0,1639810306,1639810203,0,0,103
821,0,1641812159,1641812056,0,0,103
822,0,1643814823,1643814694,0,0,128
823,0,1645818208,1645818065,0,0,143
824,0,1647819224,1647819105,0,0,119
825,0,1649820885,1649820757,0,0,128
826,0,1651823190,1651823073,0,0,116
827,0,1653825811,1653825697,0,0,113
828,0,1655828125,1655828013,0,0,112
829,0,1657829862,1657829719,0,0,143
830,0,1659832761,1659832612,0,0,148
831,0,1661834365,1661834245,0,0,119
832,0,1663836731,1663836603,0,0,128
833,0,1665839366,1665839226,0,0,139
834,0,1667841173,1667841048,0,0,124
835,0,1669843402,1669843298,0,0,103
836,0,1671845974,1671845889,0,0,84
837,0,1673849990,1673849849,0,0,140
838,0,1675850829,1675850683,0,0,146
839,0,1677853719,1677853607,0,0,111
840,0,1679854694,1679854552,0,0,141
841,0,1681856759,1681856615,0,0,143
842,0,1683858976,1683858833,0,0,142
843,0,1685861083,1685860921,0,0,161
844,0,1687863492,1687863382,0,0,110
845,0,1689865516,1689865415,0,0,100
846,0,1691867995,1691867856,0,0,139
847,0,1693869876,1693869730,0,0,146
848,0,1695872186,1695872030,0,0,156
849,0,1697874898,1697874815,0,0,83
850,0,1699877197,1699877085,0,0,112
851,0,1701878603,1701878496,0,0,106
852,0,1703881421,1703881315,0,0,105
853,0,1705883820,1705883693,0,0,126
854,0,1707885677,1707885588,0,0,88
855,0,1709887991,1709887887,0,0,104
856,0,1711890840,1711890723,0,0,116
857,0,1713892121,1713892007,0,0,113
858,0,1715895182,1715895079,0,0,102
859,0,1717898060,1717897966,0,0,94
860,0,1719898618,1719898514,0,0,103
861,0,1721901906,1721901784,0,0,122
862,0,1723904213,1723904115,0,0,98
863,0,1725905556,1725905448,0,0,107
864,0,1727908235,1727908086,0,0,149
865,0,1729909629,1729909519,0,0,110
866,0,1731912537,1731912433,0,0,103
867,0,1733914031,1733913929,0,0,102
868,0,1735915712,1735915607,0,0,105
869,0,1737919435,1737919323,0,0,111
870,0,1739921475,1739921315,0,0,159
871,0,1741923063,1741922957,0,0,105
872,0,1743925518,1743925411,0,0,106
873,0,1745929139,1745928990,0,0,148
874,0,1747930011,1747929880,0,0,130
875,0,1749932258,1749932120,0,0,138
876,0,1751935305,1751935175,0,0,130
877,0,1753937042,1753936914,0,0,128
878,0,1755939150,1755939027,0,0,123
879,0,1757941460,1757941334,0,0,125
880,0,1759943456,1759943321,0,0,134
881,0,1761945534,1761945413,0,0,120
882,0,1763948166,1763948067,0,0,98
883,0,1765949805,1765949678,0,0,127
884,0,1767952123,1767951996,0,0,126
885,0,1769954188,1769954058,0,0,130
886,0,1771956835,1771956699,0,0,136
887,0,1773958936,1773958809,0,0,126
888,0,1775961421,1775961312,0,0,108
889,0,1777963402,1777963283,0,0,118
890,0,1779965656,1779965548,0,0,107
891,0,1781967564,1781967442,0,0,121
892,0,1783970127,1783970020,0,0,106
893,0,1785972007,1785971874,0,0,133
894,0,1787974124,1787973987,0,0,137
895,0,1789977665,1789977546,0,0,118
896,0,1791979144,1791978993,0,0,150
897,0,1793982058,1793981904,0,0,154
898,0,1795984426,1795984334,0,0,91
899,0,1797985586,1797985462,0,0,124
900,0,1799988098,1799987985,0,0,113
901,0,1801990523,1801990400,0,0,123
902,0,1803993437,1803993332,0,0,105
903,0,1805995502,1805995392,0,0,110
904,0,1807997253,1807997129,0,0,123
905,0,1809999429,1809999287,0,0,141
906,0,1812000973,1812000834,0,0,138
907,0,1814003059,1814002936,0,0,123
908,0,1816005148,1816005060,0,0,88
909,0,1818007981,1818007859,0,0,121
910,0,1820010394,1820010267,0,0,126
911,0,1822012375,1822012256,0,0,118
912,0,1824015096,1824014962,0,0,134
913,0,1826017180,1826017076,0,0,104
914,0,1828018853,1828018737,0,0,116
915,0,1830022335,1830022217,0,0,118
916,0,1832023889,1832023777,0,0,112
917,0,1834025760,1834025626,0,0,134
918,0,1836028062,1836027952,0,0,110
919,0,1838030036,1838029914,0,0,122
920,0,1840032276,1840032200,0,0,76
921,0,1842034501,1842034362,0,0,138
922,0,1844036885,1844036761,0,0,124
923,0,1846040189,1846040060,0,0,128
924,0,1848041159,1848041023,0,0,135
925,0,1850043701,1850043555,0,0,145
926,0,1852046404,1852046302,0,0,102
927,0,1854049556,1854049425,0,0,130
928,0,1856050724,1856050610,0,0,114
929,0,1858052658,1858052529,0,0,128
930,0,1860055165,1860055078,0,0,86
931,0,1862056641,1862056504,0,0,137
932,0,1864059224,1864059142,0,0,81
933,0,1866061416,1866061284,0,0,132
934,0,1868065056,1868064967,0,0,89
935,0,1870065840,1870065698,0,0,141
936,0,1872068157,1872067977,0,0,179
937,0,1874069964,1874069817,0,0,146
938,0,1876072535,1876072411,0,0,124
939,0,1878074550,1878074440,0,0,110
940,0,1880076912,1880076775,0,0,137
941,0,1882079248,1882079136,0,0,112
942,0,1884082077,1884081959,0,0,117
943,0,1886084626,1886084495,0,0,130
944,0,1888086381,1888086237,0,0,143
945,0,1890088237,1890088110,0,0,126
946,0,1892090638,1892090530,0,0,108
947,0,1894092339,1894092231,0,0,107
948,0,1896094683,1896094579,0,0,104
949,0,1898096797,1898096666,0,0,131
950,0,1900099515,1900099412,0,0,103
951,0,1902101502,1902101395,0,0,106
952,0,1904104048,1904103921,0,0,127
953,0,1906107080,1906106968,0,0,112
954,0,1908108121,1908108008,0,0,112
955,0,1910110510,1910110377,0,0,132
956,0,1912112698,1912112557,0,0,141
957,0,1914114936,1914114806,0,0,129
958,0,1916117363,1916117256,0,0,106
959,0,1918119146,1918119008,0,0,137
960,0,1920121970,1920121855,0,0,114
961,0,1922123829,1922123698,0,0,131
962,0,1924126390,1924126274,0,0,116
963,0,1926129062,1926128923,0,0,139
964,0,1928130162,1928130029,0,0,132
965,0,1930132606,1930132474,0,0,131
966,0,1932135080,1932134974,0,0,106
967,0,1934137112,1934136973,0,0,139
968,0,1936139376,1936139227,0,0,148
969,0,1938141332,1938141249,0,0,82
970,0,1940143829,1940143726,0,0,102
971,0,1942145399,1942145272,0,0,126
972,0,1944147075,1944146995,0,0,79
973,0,1946153279,1946153175,0,0,104
974,0,1948153476,1948153372,0,0,104
975,0,1950154776,1950154671,0,0,105
976,0,1952157134,1952157001,0,0,132
977,0,1954159844,1954159710,0,0,134
978,0,1956162389,1956162255,0,0,134
979,0,1958163437,1958163303,0,0,134
980,0,1960166024,1960165898,0,0,126
981,0,1962168411,1962168267,0,0,143
982,0,1964170555,1964170425,0,0,130
983,0,1966172712,1966172576,0,0,135
984,0,1968174683,1968174504,0,0,178
985,0,1970176856,1970176768,0,0,87
986,0,1972179204,1972179099,0,0,104
987,0,1974181030,1974180925,0,0,104
988,0,1976182789,1976182691,0,0,98
989,0,1978186223,1978186091,0,0,132
990,0,1980187988,1980187902,0,0,85
991,0,1982190345,1982190222,0,0,122
992,0,1984193747,1984193638,0,0,108
993,0,1986194956,1986194839,0,0,116
994,0,1988197074,1988196991,0,0,82
995,0,1990198912,1990198804,0,0,107
996,0,1992201783,1992201679,0,0,103
997,0,1994204105,1994203995,0,0,110
998,0,1996206119,1996206034,0,0,84
999,0,1998208365,1998208243,0,0,121
1000,0,2000210044,2000209891,0,0,152
1001,0,2002211551,2002211422,0,0,128
1002,0,2004214584,2004214480,0,0,104
1003,0,2006216732,2006216608,0,0,123
1004,0,2008219317,2008219185,0,0,132
1005,0,2010221548,2010221417,0,0,130
1006,0,2012223535,2012223425,0,0,110
1007,0,2014225840,2014225719,0,0,120
1008,0,2016228572,2016228443,0,0,128
1009,0,2018230030,2018229913,0,0,116
1010,0,2020232743,2020232617,0,0,125
1011,0,2022235044,2022234903,0,0,140
1012,0,2024237566,2024237439,0,0,126
1013,0,2026238627,2026238505,0,0,122
1014,0,2028241512,2028241404,0,0,108
1015,0,2030244218,2030244095,0,0,123
1016,0,2032245812,2032245679,0,0,132
1017,0,2034248044,2034247912,0,0,132
1018,0,2036250138,2036250031,0,0,106
1019,0,2038252669,2038252542,0,0,126
1020,0,2040254833,2040254719,0,0,113
1021,0,2042256721,2042256574,0,0,146
1022,0,2044259487,2044259378,0,0,108
1023,0,2046262964,2046262849,0,0,114
1024,0,2048263788,2048263666,0,0,121
1025,0,2050266510,2050266389,0,0,121
1026,0,2052268353,2052268217,0,0,136
1027,0,2054270081,2054269959,0,0,121
1028,0,2056272799,2056272674,0,0,125
1029,0,2058275481,2058275349,0,0,132
1030,0,2060277514,2060277408,0,0,106
1031,0,2062280188,2062280060,0,0,128
1032,0,2064281770,2064281662,0,0,107
1033,0,2066283461,2066283339,0,0,122
1034,0,2068285892,2068285782,0,0,110
1035,0,2070287940,2070287829,0,0,111
1036,0,2072290325,2072290213,0,0,111
1037,0,2074292364,2074292247,0,0,116
1038,0,2076295228,2076295121,0,0,106
1039,0,2078296626,2078296510,0,0,116
1040,0,2080298820,2080298703,0,0,116
1041,0,2082301891,2082301764,0,0,126
1042,0,2084303838,2084303725,0,0,112
1043,0,2086306095,2086305957,0,0,138
1044,0,2088308010,2088307900,0,0,110
1045,0,2090310550,2090310417,0,0,133
1046,0,2092312753,2092312619,0,0,134
1047,0,2094314778,2094314644,0,0,133
1048,0,2096317440,2096317341,0,0,99
1049,0,2098319747,2098319643,0,0,103
1050,0,2100322096,2100321983,0,0,112
1051,0,2102325163,2102325055,0,0,107
1052,0,2104326504,2104326400,0,0,104
1053,0,2106327988,2106327855,0,0,132
1054,0,2108330587,2108330460,0,0,126
1055,0,2110332921,2110332815,0,0,106
1056,0,2112334847,2112334721,0,0,125
1057,0,2114336959,2114336836,0,0,122
1058,0,2116339599,2116339447,0,0,151
1059,0,2118341042,2118340919,0,0,122
1060,0,2120343039,2120342903,0,0,136
1061,0,2122346181,2122346028,0,0,152
1062,0,2124347859,2124347762,0,0,96
1063,0,2126348959,2126348821,0,0,138
1064,0,2128351715,2128351579,0,0,136
1065,0,2130355381,2130355246,0,0,134
1066,0,2132357225,2132357135,0,0,89
1067,0,2134359107,2134358988,0,0,118
1068,0,2136361510,2136361398,0,0,111
1069,0,2138363639,2138363521,0,0,118
1070,0,2140367278,2140367140,0,0,138
1071,0,2142367917,2142367795,0,0,122
1072,0,2144370669,2144370559,0,0,110
1073,0,2146375141,2146375024,0,0,116
1074,0,2148375808,2148375682,0,0,126
1075,0,2150376898,2150376794,0,0,104
1076,0,2152379137,2152379008,0,0,128
1077,0,2154381993,2154381873,0,0,119
1078,0,2156383750,2156383606,0,0,144
1079,0,2158386534,2158386425,0,0,108
1080,0,2160388802,2160388718,0,0,84
1081,0,2162391078,2162390976,0,0,102
1082,0,2164393507,2164393381,0,0,126
1083,0,2166395947,2166395961,0,0,-13
1084,0,2168397761,2168397655,0,0,106
1085,0,2170399499,2170399371,0,0,128
1086,0,2172401844,2172401719,0,0,125
1087,0,2174404183,2174404080,0,0,103
1088,0,2176406703,2176406575,0,0,128
1089,0,2178409252,2178409135,0,0,116
1090,0,2180410390,2180410324,0,0,65
1091,0,2182412388,2182412271,0,0,116
1092,0,2184413907,2184413806,0,0,101
1093,0,2186417808,2186417721,0,0,86
1094,0,2188420059,2188419955,0,0,103
1095,0,2190422238,2190422110,0,0,128
1096,0,2192422868,2192422752,0,0,116
1097,0,2194426017,2194425901,0,0,116
1098,0,2196428459,2196428336,0,0,123
1099,0,2198430322,2198430204,0,0,118
1100,0,2200432698,2200432586,0,0,112
1101,0,2202435418,2202435289,0,0,128
1102,0,2204437259,2204437152,0,0,106
1103,0,2206439284,2206439162,0,0,121
1104,0,2208441830,2208441701,0,0,128
1105,0,2210444054,2210443944,0,0,110
1106,0,2212445950,2212445849,0,0,101
1107,0,2214448314,2214448198,0,0,116
1108,0,2216450476,2216450372,0,0,103
1109,0,2218454029,2218453901,0,0,128
1110,0,2220455110,2220454975,0,0,134
1111,0,2222457297,2222457181,0,0,116
1112,0,2224459237,2224459127,0,0,110
1113,0,2226462421,2226462278,0,0,143
1114,0,2228465435,2228465298,0,0,136
1115,0,2230466078,2230465921,0,0,157
1116,0,2232468587,2232468458,0,0,128
1117,0,2234470574,2234470452,0,0,121
1118,0,2236472826,2236472703,0,0,123
1119,0,2238475464,2238475337,0,0,126
1120,0,2240478076,2240477961,0,0,114
1121,0,2242480559,2242480442,0,0,116
1122,0,2244481947,2244481838,0,0,109
1123,0,2246485020,2246484893,0,0,126
1124,0,2248486210,2248486090,0,0,119
1125,0,2250488694,2250488585,0,0,108
1126,0,2252491104,2252491000,0,0,103
1127,0,2254492670,2254492557,0,0,112
1128,0,2256496244,2256496141,0,0,103
1129,0,2258497238,2258497105,0,0,132
1130,0,2260499258,2260499143,0,0,115
1131,0,2262501512,2262501377,0,0,135
1132,0,2264504238,2264504085,0,0,152
1133,0,2266506114,2266505968,0,0,146
1134,0,2268508637,2268508534,0,0,102
1135,0,2270510259,2270510115,0,0,143
1136,0,2272511719,2272511580,0,0,138
1137,0,2274514770,2274514645,0,0,125
1138,0,2276517463,2276517375,0,0,87
1139,0,2278519541,2278519439,0,0,102
1140,0,2280521441,2280521338,0,0,103
1141,0,2282524032,2282523900,0,0,132
1142,0,2284526780,2284526708,0,0,71
1143,0,2286528665,2286528543,0,0,121
1144,0,2288530602,2288530472,0,0,130
1145,0,2290532831,2290532704,0,0,126
1146,0,2292535336,2292535232,0,0,103
1147,0,2294537271,2294537145,0,0,125
1148,0,2296540599,2296540478,0,0,120
1149,0,2298541587,2298541460,0,0,126
1150,0,2300544119,2300544015,0,0,103
1151,0,2302546298,2302546194,0,0,103
1152,0,2304548912,2304548782,0,0,130
1153,0,2306551087,2306550939,0,0,147
1154,0,2308553248,2308553106,0,0,141
1155,0,2310554952,2310554815,0,0,137
1156,0,2312556370,2312556217,0,0,152
1157,0,2314559689,2314559530,0,0,159
1158,0,2316562262,2316562130,0,0,131
1159,0,2318564301,2318564160,0,0,140
1160,0,2320567152,2320566999,0,0,152
1161,0,2322569363,2322569215,0,0,148
1162,0,2324570604,2324570484,0,0,119
1163,0,2326573025,2326572885,0,0,140
1164,0,2328575542,2328575394,0,0,148
1165,0,2330577640,2330577496,0,0,143
1166,0,2332579921,2332579782,0,0,138
1167,0,2334582016,2334581890,0,0,125
1168,0,2336585278,2336585125,0,0,152
1169,0,2338586276,2338586152,0,0,124
1170,0,2340588737,2340588631,0,0,106
1171,0,2342590652,2342590488,0,0,164
1172,0,2344593940,2344593796,0,0,143
1173,0,2346597975,2346597840,0,0,134
1174,0,2348597541,2348597407,0,0,134
1175,0,2350599814,2350599692,0,0,122
1176,0,2352602098,2352601956,0,0,142
1177,0,2354604253,2354604104,0,0,148
1178,0,2356606411,2356606298,0,0,112
1179,0,2358608143,2358607999,0,0,143
1180,0,2360610103,2360609979,0,0,123
1181,0,2362613133,2362612986,0,0,146
1182,0,2364615809,2364615701,0,0,108
1183,0,2366617562,2366617435,0,0,127
1184,0,2368619519,2368619373,0,0,146
1185,0,2370621751,2370621637,0,0,114
1186,0,2372624256,2372624138,0,0,118
1187,0,2374627540,2374627390,0,0,150
1188,0,2376628733,2376628589,0,0,143
1189,0,2378630596,2378630465,0,0,131
1190,0,2380633021,2380632912,0,0,108
1191,0,2382635209,2382635101,0,0,107
1192,0,2384637674,2384637518,0,0,156
1193,0,2386639703,2386639597,0,0,106
1194,0,2388642006,2388641896,0,0,110
1195,0,2390643747,2390643644,0,0,103
1196,0,2392646804,2392646660,0,0,143
1197,0,2394648537,2394648404,0,0,132
1198,0,2396650859,2396650757,0,0,102
1199,0,2398653051,2398652945,0,0,105
1200,0,2400655134,2400655031,0,0,103
1201,0,2402657467,2402657347,0,0,120
1202,0,2404660039,2404659936,0,0,103
1203,0,2406661466,2406661362,0,0,103
1204,0,2408663833,2408663710,0,0,123
1205,0,2410667368,2410667256,0,0,112
1206,0,2412669317,2412669234,0,0,83
1207,0,2414670478,2414670375,0,0,103
1208,0,2416673026,2416672923,0,0,103
1209,0,2418675413,2418675310,0,0,103
1210,0,2420677206,2420677121,0,0,85
1211,0,2422679791,2422679669,0,0,121
1212,0,2424681539,2424681461,0,0,77
1213,0,2426684089,2426683984,0,0,105
1214,0,2428686457,2428686316,0,0,141
1215,0,2430688546,2430688464,0,0,82
1216,0,2432691342,2432691215,0,0,126
1217,0,2434692792,2434692662,0,0,130
1218,0,2436694862,2436694759,0,0,102
1219,0,2438697197,2438697116,0,0,80
1220,0,2440699537,2440699413,0,0,123
1221,0,2442702328,2442702222,0,0,105
1222,0,2444704818,2444704734,0,0,83
1223,0,2446708780,2446708674,0,0,106
1224,0,2448708649,2448708502,0,0,146
1225,0,2450710644,2450710561,0,0,82
1226,0,2452714060,2452713950,0,0,110
1227,0,2454715271,2454715163,0,0,108
1228,0,2456718015,2456717891,0,0,123
1229,0,2458719755,2458719647,0,0,107
1230,0,2460722160,2460722060,0,0,99
1231,0,2462724916,2462724814,0,0,102
1232,0,2464727955,2464727847,0,0,107
1233,0,2466729512,2466729399,0,0,112
1234,0,2468732310,2468732181,0,0,128
1235,0,2470732985,2470732900,0,0,85
1236,0,2472735532,2472735429,0,0,102
1237,0,2474737601,2474737457,0,0,143
1238,0,2476739970,2476739858,0,0,112
1239,0,2478741928,2478741808,0,0,119
1240,0,2480744330,2480744226,0,0,104
1241,0,2482746663,2482746550,0,0,112
1242,0,2484748991,2484748869,0,0,121
1243,0,2486750748,2486750622,0,0,126
1244,0,2488753251,2488753147,0,0,103
1245,0,2490756083,2490755972,0,0,111
1246,0,2492757652,2492757551,0,0,101
1247,0,2494759908,2494759805,0,0,103
1248,0,2496762044,2496761955,0,0,88
1249,0,2498764280,2498764164,0,0,116
1250,0,2500766320,2500766215,0,0,104
1251,0,2502768905,2502768762,0,0,143
1252,0,2504771188,2504771083,0,0,104
1253,0,2506773394,2506773276,0,0,118
1254,0,2508775283,2508775142,0,0,140
1255,0,2510777441,2510777304,0,0,137
1256,0,2512779831,2512779721,0,0,110
1257,0,2514782076,2514781927,0,0,148
1258,0,2516784249,2516784107,0,0,141
1259,0,2518786843,2518786711,0,0,132
1260,0,2520788921,2520788788,0,0,132
1261,0,2522791062,2522790939,0,0,123
1262,0,2524794064,2524793957,0,0,106
1263,0,2526796822,2526796712,0,0,110
1264,0,2528798779,2528798655,0,0,123
1265,0,2530800512,2530800363,0,0,148
1266,0,2532803021,2532802876,0,0,144
1267,0,2534804083,2534803970,0,0,113
1268,0,2536806665,2536806514,0,0,151
1269,0,2538809766,2538809638,0,0,128
1270,0,2540812310,2540812181,0,0,128
1271,0,2542813709,2542813588,0,0,121
1272,0,2544815443,2544815341,0,0,102
1273,0,2546818851,2546818681,0,0,170
1274,0,2548819925,2548819777,0,0,148
1275,0,2550821683,2550821530,0,0,152
1276,0,2552823737,2552823590,0,0,146
1277,0,2554826325,2554826161,0,0,164
1278,0,2556828687,2556828552,0,0,134
1279,0,2558830531,2558830375,0,0,156
1280,0,2560832089,2560831960,0,0,128
1281,0,2562835724,2562835589,0,0,134
1282,0,2564837505,2564837392,0,0,112
1283,0,2566839343,2566839220,0,0,123
1284,0,2568841076,2568840962,0,0,113
1285,0,2570845912,2570845804,0,0,107
1286,0,2572847035,2572846905,0,0,130
1287,0,2574848323,2574848202,0,0,121
1288,0,2576851049,2576850964,0,0,85
1289,0,2578853319,2578853193,0,0,126
1290,0,2580855891,2580855738,0,0,152
1291,0,2582857714,2582857569,0,0,144
1292,0,2584860104,2584859984,0,0,120
1293,0,2586862366,2586862220,0,0,146
1294,0,2588864177,2588864067,0,0,110
1295,0,2590866418,2590866271,0,0,146
1296,0,2592869357,2592869204,0,0,152
1297,0,2594870641,2594870485,0,0,156
1298,0,2596873365,2596873249,0,0,116
1299,0,2598875325,2598875180,0,0,144
1300,0,2600878282,2600878137,0,0,145
1301,0,2602880366,2602880193,0,0,173
1302,0,2604882174,2604882027,0,0,146
1303,0,2606884579,2606884411,0,0,167
1304,0,2608887728,2608887588,0,0,139
1305,0,2610889128,2610888984,0,0,143
1306,0,2612891843,2612891723,0,0,120
1307,0,2614894178,2614894056,0,0,122
1308,0,2616895689,2616895566,0,0,123
1309,0,2618897730,2618897586,0,0,143
1310,0,2620899662,2620899560,0,0,102
1311,0,2622902118,2622901995,0,0,123
1312,0,2624904526,2624904394,0,0,132
1313,0,2626906226,2626906096,0,0,130
1314,0,2628908613,2628908492,0,0,121
1315,0,2630911093,2630910926,0,0,166
1316,0,2632913323,2632913220,0,0,103
1317,0,2634915561,2634915433,0,0,128
1318,0,2636917978,2636917875,0,0,103
1319,0,2638920244,2638920116,0,0,128
1320,0,2640922004,2640921831,0,0,173
1321,0,2642924549,2642924442,0,0,106
1322,0,2644926534,2644926451,0,0,82
1323,0,2646931238,2646931134,0,0,104
1324,0,2648931053,2648930944,0,0,108
1325,0,2650933471,2650933372,0,0,99
1326,0,2652935278,2652935168,0,0,110
1327,0,2654938175,2654938064,0,0,111
1328,0,2656939717,2656939611,0,0,106
1329,0,2658941853,2658941723,0,0,130
1330,0,2660944271,2660944165,0,0,106
1331,0,2662946574,2662946479,0,0,94
1332,0,2664948935,2664948818,0,0,116
1333,0,2666951337,2666951217,0,0,120
1334,0,2668953419,2668953317,0,0,101
1335,0,2670955866,2670955760,0,0,105
1336,0,2672958400,2672958296,0,0,103
1337,0,2674960026,2674959919,0,0,106
1338,0,2676962290,2676962214,0,0,76
1339,0,2678964540,2678964433,0,0,106
1340,0,2680966572,2680966471,0,0,100
1341,0,2682968842,2682968706,0,0,136
1342,0,2684972505,2684972387,0,0,118
1343,0,2686973321,2686973216,0,0,105
1344,0,2688975808,2688975683,0,0,124
1345,0,2690977420,2690977307,0,0,112
1346,0,2692979919,2692979807,0,0,112
1347,0,2694982158,2694982035,0,0,123
1348,0,2696985208,2696985104,0,0,104
1349,0,2698988078,2698987955,0,0,123
1350,0,2700989473,2700989350,0,0,123
1351,0,2702991026,2702990926,0,0,100
1352,0,2704993426,2704993321,0,0,105
1353,0,2706995555,2706995438,0,0,116
1354,0,2708997955,2708997885,0,0,69
1355,0,2711000190,2711000079,0,0,110
1356,0,2713002773,2713002631,0,0,141
1357,0,2715004716,2715004584,0,0,132
1358,0,2717007193,2717007056,0,0,137
1359,0,2719009113,2719008986,0,0,126
1360,0,2721011309,2721011213,0,0,96
1361,0,2723013234,2723013151,0,0,83
1362,0,2725016843,2725016755,0,0,88
1363,0,2727017170,2727017060,0,0,110
1364,0,2729019064,2729018948,0,0,115
1365,0,2731022635,2731022527,0,0,108
1366,0,2733024238,2733024119,0,0,118
1367,0,2735026502,2735026377,0,0,125
1368,0,2737028868,2737028764,0,0,104
1369,0,2739031218,2739031105,0,0,113
1370,0,2741033762,2741033678,0,0,83
1371,0,2743035173,2743035057,0,0,116
1372,0,2745036932,2745036814,0,0,118
1373,0,2747041841,2747041694,0,0,147
1374,0,2749042307,2749042201,0,0,106
1375,0,2751044451,2751044335,0,0,116
1376,0,2753046865,2753046760,0,0,104
1377,0,2755049012,2755048864,0,0,148
1378,0,2757051487,2757051382,0,0,105
1379,0,2759053343,2759053258,0,0,84
1380,0,2761055745,2761055641,0,0,103
1381,0,2763057894,2763057784,0,0,110
1382,0,2765061115,2765061015,0,0,100
1383,0,2767062183,2767062063,0,0,119
1384,0,2769064755,2769064629,0,0,126
1385,0,2771066498,2771066355,0,0,143
1386,0,2773068978,2773068838,0,0,140
1387,0,2775071142,2775071026,0,0,116
1388,0,2777073492,2777073388,0,0,103
1389,0,2779075703,2779075581,0,0,121
1390,0,2781078181,2781078014,0,0,166
1391,0,2783080467,2783080354,0,0,112
1392,0,2785082134,2785082016,0,0,118
1393,0,2787084507,2787084357,0,0,150
1394,0,2789087184,2789087056,0,0,127
1395,0,2791088787,2791088647,0,0,140
1396,0,2793091172,2793091026,0,0,145
1397,0,2795093743,2795093587,0,0,156
1398,0,2797095856,2797095709,0,0,146
1399,0,2799097644,2799097514,0,0,130
1400,0,2801100355,2801100231,0,0,123
1401,0,2803103283,2803103132,0,0,150
1402,0,2805104586,2805104474,0,0,112
1403,0,2807106343,2807106222,0,0,121
1404,0,2809107887,2809107772,0,0,114
1405,0,2811110404,2811110282,0,0,121
1406,0,2813113364,2813113220,0,0,143
1407,0,2815115834,2815115715,0,0,119
1408,0,2817118458,2817118369,0,0,88
1409,0,2819119977,2819119862,0,0,114
1410,0,2821122458,2821122353,0,0,104
1411,0,2823124341,2823124236,0,0,104
1412,0,2825127314,2825127173,0,0,141
1413,0,2827129032,2827128890,0,0,141
1414,0,2829131487,2829131328,0,0,159
1415,0,2831133292,2831133168,0,0,123
1416,0,2833136181,2833136076,0,0,104
1417,0,2835137773,2835137626,0,0,146
1418,0,2837140087,2837139951,0,0,136
1419,0,2839142056,2839141943,0,0,113
1420,0,2841144466,2841144348,0,0,118
1421,0,2843148181,2843148034,0,0,146
1422,0,2845149175,2845149014,0,0,161
1423,0,2847153557,2847153410,0,0,146
1424,0,2849154941,2849154811,0,0,130
1425,0,2851156485,2851156359,0,0,126
1426,0,2853159316,2853159200,0,0,116
1427,0,2855159970,2855159839,0,0,131
1428,0,2857163353,2857163206,0,0,146
1429,0,2859165700,2859165577,0,0,123
1430,0,2861166794,2861166667,0,0,126
1431,0,2863169253,2863169132,0,0,121
1432,0,2865171579,2865171473,0,0,106
1433,0,2867173302,2867173160,0,0,141
1434,0,2869175871,2869175717,0,0,154
1435,0,2871177704,2871177556,0,0,148
1436,0,2873180352,2873180203,0,0,148
1437,0,2875182777,2875182645,0,0,131
1438,0,2877185114,2877184950,0,0,164
1439,0,2879186872,2879186750,0,0,122
1440,0,2881190228,2881190112,0,0,116
1441,0,2883191296,2883191174,0,0,122
1442,0,2885193617,2885193481,0,0,135
1443,0,2887196055,2887195907,0,0,147
1444,0,2889198429,2889198304,0,0,125
1445,0,2891200127,2891199985,0,0,141
1446,0,2893203078,2893202962,0,0,116
1447,0,2895204535,2895204408,0,0,126
1448,0,2897206828,2897206723,0,0,104
1449,0,2899209255,2899209151,0,0,103
1450,0,2901211405,2901211297,0,0,107
1451,0,2903213278,2903213170,0,0,107
1452,0,2905215741,2905215636,0,0,105
1453,0,2907217891,2907217747,0,0,143
1454,0,2909220544,2909220424,0,0,119
1455,0,2911222217,2911222095,0,0,121
1456,0,2913225436,2913225304,0,0,132
1457,0,2915228307,2915228196,0,0,111
1458,0,2917228711,2917228602,0,0,108
1459,0,2919232476,2919232369,0,0,107
1460,0,2921233581,2921233469,0,0,112
1461,0,2923235889,2923235779,0,0,110
1462,0,2925238483,2925238354,0,0,128
1463,0,2927240305,2927240193,0,0,112
1464,0,2929242422,2929242311,0,0,110
1465,0,2931244513,2931244407,0,0,105
1466,0,2933246958,2933246860,0,0,98
1467,0,2935248861,2935248747,0,0,114
1468,0,2937251276,2937251164,0,0,112
1469,0,2939253637,2939253502,0,0,134
1470,0,2941256164,2941256027,0,0,137
1471,0,2943257650,2943257539,0,0,110
1472,0,2945260393,2945260315,0,0,78
1473,0,2947264228,2947264121,0,0,106
1474,0,2949264339,2949264232,0,0,107
1475,0,2951266758,2951266651,0,0,106
1476,0,2953269295,2953269178,0,0,116
1477,0,2955271577,2955271467,0,0,110
1478,0,2957273113,2957272955,0,0,158
1479,0,2959276871,2959276762,0,0,108
1480,0,2961278087,2961278008,0,0,78
1481,0,2963280311,2963280201,0,0,110
1482,0,2965283174,2965283049,0,0,124
1483,0,2967285813,2967285710,0,0,103
1484,0,2969286866,2969286764,0,0,102
1485,0,2971289714,2971289591,0,0,123
1486,0,2973291678,2973291553,0,0,124
1487,0,2975293609,2975293501,0,0,108
1488,0,2977296121,2977296008,0,0,113
1489,0,2979298339,2979298227,0,0,111
1490,0,2981300343,2981300221,0,0,122
1491,0,2983302252,2983302128,0,0,123
1492,0,2985305239,2985305119,0,0,119
1493,0,2987306972,2987306861,0,0,110
1494,0,2989309722,2989309588,0,0,134
1495,0,2991311684,2991311567,0,0,116
1496,0,2993313639,2993313556,0,0,83
1497,0,2995315933,2995315831,0,0,102
1498,0,2997319653,2997319555,0,0,98
1499,0,2999319793,2999319689,0,0,103
1500,0,3001321355,3001321251,0,0,103
1501,0,3003324856,3003324740,0,0,115
1502,0,3005327431,3005327301,0,0,129
1503,0,3007329096,3007328985,0,0,111
1504,0,3009331328,3009331249,0,0,78
1505,0,3011333712,3011333599,0,0,113
1506,0,3013335702,3013335577,0,0,124
1507,0,3015337798,3015337687,0,0,111
1508,0,3017340405,3017340281,0,0,123
1509,0,3019342447,3019342315,0,0,132
1510,0,3021345042,3021344921,0,0,121
1511,0,3023346741,3023346629,0,0,112
1512,0,3025349276,3025349194,0,0,82
1513,0,3027351138,3027351001,0,0,137
1514,0,3029354065,3029353933,0,0,131
1515,0,3031355427,3031355280,0,0,146
1516,0,3033357510,3033357343,0,0,166
1517,0,3035360177,3035360038,0,0,138
1518,0,3037362947,3037362795,0,0,152
1519,0,3039365098,3039364952,0,0,146
1520,0,3041366853,3041366707,0,0,146
1521,0,3043369170,3043369026,0,0,143
1522,0,3045370955,3045370870,0,0,85
1523,0,3047373928,3047373815,0,0,112
1524,0,3049376230,3049376092,0,0,138
1525,0,3051377884,3051377768,0,0,116
1526,0,3053380424,3053380323,0,0,101
1527,0,3055382464,3055382339,0,0,124
1528,0,3057384669,3057384565,0,0,103
1529,0,3059386889,3059386759,0,0,130
1530,0,3061389102,3061388993,0,0,108
1531,0,3063391567,3063391438,0,0,128
1532,0,3065393279,3065393164,0,0,115
1533,0,3067395026,3067394885,0,0,140
1534,0,3069398575,3069398473,0,0,101
1535,0,3071400819,3071400735,0,0,83
1536,0,3073402812,3073402705,0,0,106
1537,0,3075406285,3075406154,0,0,131
1538,0,3077407145,3077407038,0,0,106
1539,0,3079409485,3079409363,0,0,121
1540,0,3081411851,3081411703,0,0,148
1541,0,3083414728,3083414584,0,0,143
1542,0,3085417817,3085417711,0,0,106
1543,0,3087418749,3087418621,0,0,128
1544,0,3089419312,3089419173,0,0,139
1545,0,3091422694,3091422569,0,0,125
1546,0,3093424713,3093424628,0,0,85
1547,0,3095426466,3095426339,0,0,126
1548,0,3097428419,3097428289,0,0,129
1549,0,3099431968,3099431856,0,0,112
1550,0,3101433862,3101433743,0,0,119
1551,0,3103435716,3103435604,0,0,112
1552,0,3105437986,3105437866,0,0,120
1553,0,3107439959,3107439831,0,0,128
1554,0,3109441574,3109441494,0,0,80
1555,0,3111444676,3111444537,0,0,138
1556,0,3113447572,3113447441,0,0,130
1557,0,3115450348,3115450211,0,0,137
1558,0,3117451765,3117451661,0,0,103
1559,0,3119453548,3119453395,0,0,152
1560,0,3121456009,3121455862,0,0,146
1561,0,3123458248,3123458110,0,0,137
1562,0,3125460492,3125460391,0,0,100
1563,0,3127462866,3127462834,0,0,31
1564,0,3129464795,3129464642,0,0,152
1565,0,3131467053,3131466921,0,0,132
1566,0,3133469013,3133468889,0,0,124
1567,0,3135471640,3135471516,0,0,124
1568,0,3137473887,3137473750,0,0,136
1569,0,3139476011,3139475872,0,0,138
1570,0,3141478635,3141478489,0,0,146
1571,0,3143480680,3143480539,0,0,140
1572,0,3145482910,3145482762,0,0,148
1573,0,3147486728,3147486575,0,0,152
1574,0,3149487309,3149487179,0,0,129
1575,0,3151489501,3151489356,0,0,145
1576,0,3153492896,3153492743,0,0,153
1577,0,3155493755,3155493628,0,0,127
1578,0,3157496398,3157496308,0,0,89
1579,0,3159498582,3159498438,0,0,144
1580,0,3161500451,3161500325,0,0,126
1581,0,3163502836,3163502689,0,0,146
1582,0,3165505510,3165505384,0,0,125
1583,0,3167507387,3167507264,0,0,123
1584,0,3169509591,3169509436,0,0,155
1585,0,3171511297,3171511161,0,0,136
1586,0,3173514088,3173513985,0,0,103
1587,0,3175515957,3175515820,0,0,137
1588,0,3177518015,3177517882,0,0,132
1589,0,3179521112,3179520981,0,0,130
1590,0,3181522573,3181522457,0,0,116
1591,0,3183525119,3183524997,0,0,121
1592,0,3185527732,3185527563,0,0,168
1593,0,3187529855,3187529740,0,0,114
1594,0,3189531707,3189531601,0,0,105
1595,0,3191534635,3191534507,0,0,128
1596,0,3193536083,3193535968,0,0,114
1597,0,3195538199,3195538068,0,0,130
1598,0,3197540919,3197540808,0,0,111
1599,0,3199542777,3199542665,0,0,112
1600,0,3201545008,3201544934,0,0,74
1601,0,3203547040,3203546921,0,0,118
1602,0,3205549284,3205549177,0,0,107
1603,0,3207551548,3207551427,0,0,121
1604,0,3209553979,3209553871,0,0,107
1605,0,3211556647,3211556537,0,0,110
1606,0,3213557952,3213557869,0,0,82
1607,0,3215560425,3215560309,0,0,116
1608,0,3217562892,3217562749,0,0,143
1609,0,3219565205,3219565098,0,0,106
1610,0,3221567507,3221567431,0,0,75
1611,0,3223569806,3223569683,0,0,123
1612,0,3225572064,3225571961,0,0,102
1613,0,3227574728,3227574619,0,0,108
1614,0,3229577548,3229577444,0,0,103
1615,0,3231579732,3231579628,0,0,103
1616,0,3233580555,3233580447,0,0,107
1617,0,3235582362,3235582240,0,0,121
1618,0,3237584874,3237584791,0,0,83
1619,0,3239587414,3239587306,0,0,107
1620,0,3241589466,3241589352,0,0,113
1621,0,3243591474,3243591363,0,0,111
1622,0,3245593880,3245593778,0,0,102
1623,0,3247597604,3247597492,0,0,112
1624,0,3249598353,3249598226,0,0,126
1625,0,3251600806,3251600651,0,0,154
1626,0,3253602750,3253602586,0,0,164
1627,0,3255604539,3255604382,0,0,157
1628,0,3257606393,3257606255,0,0,138
1629,0,3259609960,3259609793,0,0,166
1630,0,3261612433,3261612310,0,0,123
1631,0,3263614994,3263614878,0,0,116
1632,0,3265616229,3265616087,0,0,141
1633,0,3267618185,3267618074,0,0,111
1634,0,3269620685,3269620602,0,0,83
1635,0,3271622410,3271622366,0,0,43
1636,0,3273623838,3273623729,0,0,108
1637,0,3275627393,3275627305,0,0,87
1638,0,3277629433,3277629330,0,0,103
1639,0,3279631838,3279631734,0,0,103
1640,0,3281633784,3281633682,0,0,102
1641,0,3283636453,3283636312,0,0,141
1642,0,3285638323,3285638186,0,0,137
1643,0,3287640932,3287640788,0,0,144
1644,0,3289642974,3289642876,0,0,98
1645,0,3291645232,3291645111,0,0,121
1646,0,3293647140,3293646993,0,0,146
1647,0,3295649485,3295649343,0,0,141
1648,0,3297651910,3297651763,0,0,146
1649,0,3299653605,3299653475,0,0,130
1650,0,3301656259,3301656123,0,0,136
1651,0,3303658494,3303658386,0,0,107
1652,0,3305660523,3305660411,0,0,112
1653,0,3307663191,3307663060,0,0,131
1654,0,3309666485,3309666355,0,0,130
1655,0,3311667516,3311667396,0,0,120
1656,0,3313669157,3313669050,0,0,106
1657,0,3315671371,3315671214,0,0,157
1658,0,3317673788,3317673644,0,0,143
1659,0,3319675633,3319675462,0,0,171
1660,0,3321677409,3321677278,0,0,131
1661,0,3323680860,3323680693,0,0,166
1662,0,3325683169,3325683038,0,0,131
1663,0,3327685166,3327685024,0,0,141
1664,0,3329687583,3329687439,0,0,143
1665,0,3331689621,3331689487,0,0,134
1666,0,3333691706,3333691579,0,0,126
1667,0,3335693494,3335693354,0,0,140
1668,0,3337695350,3337695213,0,0,137
1669,0,3339699298,3339699162,0,0,135
1670,0,3341701992,3341701835,0,0,157
1671,0,3343703368,3343703249,0,0,118
1672,0,3345705718,3345705586,0,0,132
1673,0,3347709555,3347709421,0,0,134
1674,0,3349709694,3349709568,0,0,126
1675,0,3351711634,3351711501,0,0,132
1676,0,3353714053,3353713947,0,0,105
1677,0,3355716352,3355716220,0,0,131
1678,0,3357718723,3357718613,0,0,110
1679,0,3359720368,3359720244,0,0,123
1680,0,3361723148,3361723018,0,0,130
1681,0,3363725175,3363725051,0,0,123
1682,0,3365727339,3365727222,0,0,116
1683,0,3367729065,3367728948,0,0,116
1684,0,3369731068,3369730957,0,0,110
1685,0,3371734568,3371734450,0,0,118
1686,0,3373736313,3373736203,0,0,110
1687,0,3375738514,3375738405,0,0,108
1688,0,3377740492,3377740413,0,0,79
1689,0,3379743164,3379743035,0,0,129
1690,0,3381745110,3381744955,0,0,155
1691,0,3383746996,3383746874,0,0,121
1692,0,3385748868,3385748722,0,0,146
1693,0,3387753251,3387753107,0,0,143
1694,0,3389754570,3389754424,0,0,146
1695,0,3391755950,3391755825,0,0,124
1696,0,3393758846,3393758707,0,0,138
1697,0,3395760613,3395760484,0,0,128
1698,0,3397763477,3397763355,0,0,121
1699,0,3399765220,3399765103,0,0,116
1700,0,3401767876,3401767787,0,0,88
1701,0,3403769507,3403769381,0,0,126
1702,0,3405771774,3405771640,0,0,134
1703,0,3407774071,3407773970,0,0,101
1704,0,3409776321,3409776220,0,0,100
1705,0,3411778420,3411778312,0,0,107
1706,0,3413780600,3413780475,0,0,125
1707,0,3415782538,3415782413,0,0,124
1708,0,3417784165,3417784062,0,0,103
1709,0,3419787187,3419787077,0,0,110
1710,0,3421790230,3421790101,0,0,128
1711,0,3423792059,3423791939,0,0,120
1712,0,3425795249,3425795125,0,0,123
1713,0,3427796108,3427795991,0,0,116
1714,0,3429798775,3429798663,0,0,112
1715,0,3431800426,3431800299,0,0,126
1716,0,3433803078,3433802953,0,0,124
1717,0,3435805247,3435805103,0,0,143
1718,0,3437807374,3437807219,0,0,155
1719,0,3439809485,3439809371,0,0,114
1720,0,3441811959,3441811850,0,0,108
1721,0,3443814223,3443814080,0,0,142
1722,0,3445816723,3445816597,0,0,125
1723,0,3447819782,3447819657,0,0,124
1724,0,3449820894,3449820773,0,0,120
1725,0,3451822700,3451822558,0,0,141
1726,0,3453824608,3453824503,0,0,104
1727,0,3455827078,3455826956,0,0,122
1728,0,3457830043,3457829933,0,0,110
1729,0,3459831842,3459831724,0,0,118
1730,0,3461834331,3461834211,0,0,120
1731,0,3463835867,3463835737,0,0,130
1732,0,3465838816,3465838689,0,0,126
1733,0,3467840855,3467840737,0,0,118
1734,0,3469843224,3469843110,0,0,114
1735,0,3471845683,3471845563,0,0,120
1736,0,3473847668,3473847540,0,0,128
1737,0,3475849424,3475849319,0,0,105
1738,0,3477851964,3477851887,0,0,76
1739,0,3479853528,3479853410,0,0,118
1740,0,3481855506,3481855402,0,0,104
1741,0,3483858665,3483858541,0,0,124
1742,0,3485860936,3485860831,0,0,104
1743,0,3487863480,3487863368,0,0,111
1744,0,3489865739,3489865615,0,0,124
1745,0,3491868035,3491867919,0,0,116
1746,0,3493869664,3493869584,0,0,79
1747,0,3495871517,3495871408,0,0,108
1748,0,3497873149,3497873035,0,0,114
1749,0,3499876557,3499876424,0,0,132
1750,0,3501878677,3501878573,0,0,103
1751,0,3503881901,3503881775,0,0,125
1752,0,3505883238,3505883103,0,0,134
1753,0,3507885637,3507885532,0,0,104
1754,0,3509888251,3509888148,0,0,103
1755,0,3511890661,3511890551,0,0,110
1756,0,3513892207,3513892103,0,0,104
1757,0,3515894269,3515894128,0,0,141
1758,0,3517896905,3517896818,0,0,86
1759,0,3519898808,3519898703,0,0,104
1760,0,3521901384,3521901242,0,0,141
1761,0,3523903278,3523903130,0,0,148
1762,0,3525905426,3525905285,0,0,140
1763,0,3527907369,3527907227,0,0,141
1764,0,3529909795,3529909652,0,0,143
1765,0,3531912083,3531911938,0,0,145
1766,0,3533914353,3533914201,0,0,152
1767,0,3535916070,3535915935,0,0,134
1768,0,3537918676,3537918552,0,0,123
1769,0,3539920568,3539920447,0,0,121
1770,0,3541923206,3541923087,0,0,118
1771,0,3543926151,3543926026,0,0,124
1772,0,3545927532,3545927446,0,0,86
1773,0,3547931328,3547931199,0,0,128
1774,0,3549932643,3549932508,0,0,134
1775,0,3551934995,3551934883,0,0,111
1776,0,3553937766,3553937633,0,0,132
1777,0,3555939010,3555938883,0,0,126
1778,0,3557940841,3557940712,0,0,128
1779,0,3559942983,3559942855,0,0,128
1780,0,3561945026,3561944902,0,0,124
1781,0,3563947766,3563947610,0,0,156
1782,0,3565949928,3565949774,0,0,154
1783,0,3567952275,3567952148,0,0,126
1784,0,3569954265,3569954150,0,0,114
1785,0,3571956296,3571956158,0,0,138
1786,0,3573958973,3573958866,0,0,106
1787,0,3575960367,3575960229,0,0,137
1788,0,3577962555,3577962431,0,0,123
1789,0,3579965513,3579965384,0,0,129
1790,0,3581968619,3581968474,0,0,145
1791,0,3583970083,3583969957,0,0,126
1792,0,3585972734,3585972602,0,0,132
1793,0,3587974953,3587974817,0,0,136
1794,0,3589976320,3589976166,0,0,153
1795,0,3591978169,3591978016,0,0,152
1796,0,3593979581,3593979454,0,0,126
1797,0,3595983723,3595983608,0,0,114
1798,0,3597985488,3597985364,0,0,123
1799,0,3599987839,3599987729,0,0,110
1800,0,3601989792,3601989665,0,0,126
1801,0,3603991921,3603991802,0,0,119
1802,0,3605994294,3605994168,0,0,126
1803,0,3607996238,3607996128,0,0,110
1804,0,3609998693,3609998576,0,0,116
1805,0,3612000806,3612000683,0,0,123
1806,0,3614003457,3614003308,0,0,148
1807,0,3616005260,3616005139,0,0,121
1808,0,3618007576,3618007453,0,0,123
1809,0,3620010653,3620010508,0,0,144
1810,0,3622012660,3622012543,0,0,116
1811,0,3624015187,3624015063,0,0,123
1812,0,3626016426,3626016310,0,0,116
1813,0,3628018982,3628018848,0,0,133
1814,0,3630021148,3630021004,0,0,143
1815,0,3632022802,3632022687,0,0,114
1816,0,3634025889,3634025782,0,0,107
1817,0,3636028451,3636028340,0,0,110
1818,0,3638031458,3638031346,0,0,112
1819,0,3640033141,3640033013,0,0,128
1820,0,3642034377,3642034269,0,0,107
1821,0,3644036640,3644036491,0,0,148
1822,0,3646039134,3646039004,0,0,130
1823,0,3648042786,3648042671,0,0,114
1824,0,3650043003,3650042886,0,0,116
1825,0,3652045456,3652045310,0,0,146
1826,0,3654048132,3654048021,0,0,110
1827,0,3656050296,3656050145,0,0,151
1828,0,3658052933,3658052808,0,0,124
1829,0,3660055183,3660055038,0,0,145
1830,0,3662057312,3662057177,0,0,134
1831,0,3664059052,3664058929,0,0,123
1832,0,3666061710,3666061561,0,0,148
1833,0,3668063215,3668063105,0,0,110
1834,0,3670065501,3670065397,0,0,103
1835,0,3672067298,3672067186,0,0,112
1836,0,3674068997,3674068894,0,0,102
1837,0,3676072883,3676072746,0,0,136
1838,0,3678075733,3678075584,0,0,148
1839,0,3680076550,3680076438,0,0,112
1840,0,3682078791,3682078654,0,0,137
1841,0,3684081085,3684080971,0,0,114
1842,0,3686083245,3686083101,0,0,143
1843,0,3688085610,3688085481,0,0,128
1844,0,3690087974,3690087840,0,0,133
1845,0,3692090278,3692090145,0,0,133
1846,0,3694092367,3694092208,0,0,158
1847,0,3696094622,3696094519,0,0,103
1848,0,3698098272,3698098136,0,0,136
1849,0,3700099732,3700099582,0,0,150
1850,0,3702101373,3702101258,0,0,114
1851,0,3704102921,3704102808,0,0,112
1852,0,3706105556,3706105410,0,0,146
1853,0,3708107988,3708107869,0,0,119
1854,0,3710110370,3710110183,0,0,186
1855,0,3712112484,3712112337,0,0,146
1856,0,3714114571,3714114422,0,0,148
1857,0,3716116864,3716116731,0,0,132
1858,0,3718119023,3718118875,0,0,148
1859,0,3720120786,3720120658,0,0,127
1860,0,3722123555,3722123424,0,0,130
1861,0,3724125921,3724125773,0,0,148
1862,0,3726127953,3726127847,0,0,106
1863,0,3728130350,3728130193,0,0,157
1864,0,3730132347,3730132229,0,0,118
1865,0,3732134370,3732134224,0,0,146
1866,0,3734137043,3734136896,0,0,147
1867,0,3736138562,3736138451,0,0,110
1868,0,3738140947,3738140842,0,0,104
1869,0,3740143202,3740143070,0,0,131
1870,0,3742145644,3742145503,0,0,141
1871,0,3744148113,3744147968,0,0,144
1872,0,3746150075,3746149986,0,0,88
1873,0,3748153564,3748153475,0,0,88
1874,0,3750154149,3750154045,0,0,103
1875,0,3752156631,3752156519,0,0,112
1876,0,3754158901,3754158785,0,0,116
1877,0,3756161051,3756160944,0,0,106
1878,0,3758163570,3758163469,0,0,101
1879,0,3760165424,3760165339,0,0,85
1880,0,3762168011,3762167901,0,0,110
1881,0,3764169979,3764169846,0,0,133
1882,0,3766172397,3766172292,0,0,105
1883,0,3768174078,3768173977,0,0,101
1884,0,3770176474,3770176353,0,0,121
1885,0,3772178979,3772178863,0,0,116
1886,0,3774181378,3774181276,0,0,101
1887,0,3776184319,3776184210,0,0,108
1888,0,3778186031,3778185917,0,0,113
1889,0,3780187684,3780187559,0,0,124
1890,0,3782189731,3782189649,0,0,82
1891,0,3784191793,3784191690,0,0,103
1892,0,3786193898,3786193792,0,0,106
1893,0,3788196784,3788196680,0,0,103
1894,0,3790199411,3790199276,0,0,134
1895,0,3792201001,3792200894,0,0,106
1896,0,3794204257,3794204142,0,0,114
1897,0,3796207179,3796207034,0,0,144
1898,0,3798207711,3798207627,0,0,83
1899,0,3800210179,3800210055,0,0,123
1900,0,3802212325,3802212186,0,0,138
1901,0,3804214759,3804214597,0,0,162
1902,0,3806217022,3806216874,0,0,148
1903,0,3808218851,3808218719,0,0,132
1904,0,3810221422,3810221304,0,0,118
1905,0,3812223193,3812223050,0,0,143
1906,0,3814226025,3814225914,0,0,110
1907,0,3816228807,3816228665,0,0,142
1908,0,3818230193,3818230049,0,0,143
1909,0,3820232082,3820231933,0,0,148
1910,0,3822234806,3822234702,0,0,103
1911,0,3824236448,3824236332,0,0,116
1912,0,3826239056,3826238907,0,0,148
1913,0,3828240822,3828240700,0,0,121
1914,0,3830243630,3830243480,0,0,150
1915,0,3832245617,3832245495,0,0,122
1916,0,3834247817,3834247710,0,0,107
1917,0,3836250172,3836250044,0,0,128
1918,0,3838253003,3838252854,0,0,148
1919,0,3840255939,3840255817,0,0,121
1920,0,3842257018,3842256885,0,0,132
1921,0,3844258896,3844258767,0,0,129
1922,0,3846260806,3846260728,0,0,78
1923,0,3848264885,3848264738,0,0,146
1924,0,3850265707,3850265576,0,0,131
1925,0,3852267715,3852267586,0,0,128
1926,0,3854271342,3854271226,0,0,116
1927,0,3856272480,3856272358,0,0,122
1928,0,3858274552,3858274440,0,0,112
1929,0,3860277112,3860276975,0,0,136
1930,0,3862279009,3862278876,0,0,132
1931,0,3864281287,3864281164,0,0,123
1932,0,3866283543,3866283460,0,0,83
1933,0,3868285762,3868285646,0,0,116
1934,0,3870287965,3870287830,0,0,134
1935,0,3872290291,3872290176,0,0,114
1936,0,3874292265,3874292146,0,0,118
1937,0,3876294364,3876294245,0,0,118
1938,0,3878296901,3878296787,0,0,113
1939,0,3880298678,3880298573,0,0,104
1940,0,3882301741,3882301635,0,0,105
1941,0,3884303516,3884303388,0,0,128
1942,0,3886305712,3886305584,0,0,128
1943,0,3888307817,3888307693,0,0,124
1944,0,3890310294,3890310162,0,0,132
1945,0,3892312952,3892312828,0,0,123
1946,0,3894313724,3894313619,0,0,105
1947,0,3896316189,3896316064,0,0,125
1948,0,3898318130,3898318001,0,0,129
1949,0,3900321407,3900321289,0,0,118
1950,0,3902324107,3902323988,0,0,119
1951,0,3904325836,3904325705,0,0,130
1952,0,3906328103,3906327986,0,0,116
1953,0,3908330404,3908330271,0,0,133
1954,0,3910332453,3910332310,0,0,143
1955,0,3912334170,3912334035,0,0,135
1956,0,3914335506,3914335364,0,0,141
1957,0,3916339005,3916338888,0,0,116
1958,0,3918341435,3918341357,0,0,78
1959,0,3920343449,3920343325,0,0,123
1960,0,3922346071,3922345949,0,0,121
1961,0,3924347510,3924347362,0,0,148
1962,0,3926349157,3926349070,0,0,86
1963,0,3928352110,3928351989,0,0,120
1964,0,3930355155,3930355022,0,0,132
1965,0,3932357981,3932357853,0,0,128
1966,0,3934359483,3934359400,0,0,82
1967,0,3936361632,3936361516,0,0,116
1968,0,3938363357,3938363244,0,0,112
1969,0,3940366022,3940365890,0,0,132
1970,0,3942368141,3942368017,0,0,123
1971,0,3944370229,3944370107,0,0,121
1972,0,3946372818,3946372687,0,0,131
1973,0,3948375780,3948375642,0,0,138
1974,0,3950376720,3950376632,0,0,87
1975,0,3952378444,3952378336,0,0,108
1976,0,3954380633,3954380519,0,0,114
1977,0,3956383705,3956383580,0,0,125
1978,0,3958386109,3958386002,0,0,106
1979,0,3960387858,3960387713,0,0,144
1980,0,3962390130,3962390019,0,0,111
1981,0,3964393104,3964392966,0,0,138
1982,0,3966394755,3966394628,0,0,126
1983,0,3968396875,3968396762,0,0,112
1984,0,3970399885,3970399759,0,0,126
1985,0,3972400960,3972400813,0,0,146
1986,0,3974403288,3974403170,0,0,118
1987,0,3976405657,3976405525,0,0,131
1988,0,3978408435,3978408314,0,0,121
1989,0,3980410519,3980410378,0,0,141
1990,0,3982412597,3982412464,0,0,132
1991,0,3984414538,3984414425,0,0,112
1992,0,3986417514,3986417406,0,0,107
1993,0,3988419316,3988419228,0,0,87
1994,0,3990422276,3990422190,0,0,86
1995,0,3992424581,3992424474,0,0,106
1996,0,3994426029,3994425894,0,0,134
1997,0,3996428071,3996427966,0,0,105
1998,0,3998430591,3998430519,0,0,71
1999,0,4000432483,4000432370,0,0,112
2000,0,4002434869,4002434727,0,0,141
2001,0,4004437441,4004437301,0,0,140
2002,0,4006439448,4006439343,0,0,104
2003,0,4008441305,4008441156,0,0,148
2004,0,4010444947,4010444800,0,0,147
2005,0,4012445741,4012445609,0,0,132
2006,0,4014448000,4014447853,0,0,146
2007,0,4016450282,4016450136,0,0,146
2008,0,4018452835,4018452712,0,0,123
2009,0,4020454218,4020454110,0,0,107
2010,0,4022455783,4022455698,0,0,84
2011,0,4024458866,4024458759,0,0,106
2012,0,4026461287,4026461184,0,0,102
2013,0,4028463515,4028463403,0,0,112
2014,0,4030465846,4030465760,0,0,85
2015,0,4032468038,4032467932,0,0,106
2016,0,4034470119,4034469999,0,0,120
2017,0,4036471926,4036471810,0,0,116
2018,0,4038473734,4038473659,0,0,75
2019,0,4040476862,4040476750,0,0,112
2020,0,4042479166,4042479058,0,0,107
2021,0,4044481536,4044481399,0,0,137
2022,0,4046483555,4046483451,0,0,103
2023,0,4048488734,4048488617,0,0,116
2024,0,4050488822,4050488678,0,0,144
2025,0,4052490499,4052490360,0,0,139
2026,0,4054492141,4054492037,0,0,104
2027,0,4056494475,4056494339,0,0,136
2028,0,4058495895,4058495757,0,0,138
2029,0,4060499062,4060498920,0,0,142
2030,0,4062501710,4062501597,0,0,112
2031,0,4064503563,4064503439,0,0,123
2032,0,4066506062,4066505934,0,0,128
2033,0,4068508212,4068508062,0,0,150
2034,0,4070510406,4070510278,0,0,128
2035,0,4072512530,4072512386,0,0,143
2036,0,4074514833,4074514686,0,0,146
2037,0,4076517065,4076516914,0,0,150
2038,0,4078519945,4078519820,0,0,125
2039,0,4080522363,4080522216,0,0,146
2040,0,4082523757,4082523635,0,0,121
2041,0,4084526311,4084526164,0,0,146
2042,0,4086528199,4086528064,0,0,135
2043,0,4088531024,4088530902,0,0,122
2044,0,4090531483,4090531346,0,0,137
2045,0,4092534845,4092534714,0,0,131
2046,0,4094537454,4094537325,0,0,128
2047,0,4096539322,4096539207,0,0,114
2048,0,4098541523,4098541451,0,0,71
2049,0,4100543717,4100543570,0,0,146
2050,0,4102545932,4102545788,0,0,143
2051,0,4104548122,4104548002,0,0,120
2052,0,4106550749,4106550591,0,0,158
2053,0,4108553614,4108553459,0,0,155
2054,0,4110556245,4110556141,0,0,103
2055,0,4112557514,4112557382,0,0,132
2056,0,4114559529,4114559421,0,0,107
2057,0,4116561818,4116561684,0,0,134
2058,0,4118563780,4118563695,0,0,85
2059,0,4120565283,4120565192,0,0,91
2060,0,4122567325,4122567237,0,0,88
2061,0,4124570671,4124570555,0,0,115
2062,0,4126573858,4126573732,0,0,125
2063,0,4128574871,4128574755,0,0,116
2064,0,4130576982,4130576855,0,0,127
2065,0,4132579176,4132579038,0,0,138
2066,0,4134581850,4134581738,0,0,112
2067,0,4136583484,4136583346,0,0,138
2068,0,4138586539,4138586423,0,0,116
2069,0,4140588182,4140588048,0,0,133
2070,0,4142590655,4142590540,0,0,114
2071,0,4144592616,4144592498,0,0,117
2072,0,4146595547,4146595458,0,0,88
2073,0,4148599191,4148599064,0,0,126
2074,0,4150600150,4150600005,0,0,145
2075,0,4152601150,4152601044,0,0,106
2076,0,4154602652,4154602517,0,0,134
2077,0,4156606247,4156606106,0,0,140
2078,0,4158608296,4158608143,0,0,153
2079,0,4160610504,4160610377,0,0,126
2080,0,4162612835,4162612712,0,0,122
2081,0,4164615807,4164615669,0,0,138
2082,0,4166617267,4166617150,0,0,116
2083,0,4168619255,4168619122,0,0,132
2084,0,4170621571,4170621447,0,0,124
2085,0,4172623990,4172623860,0,0,129
2086,0,4174626331,4174626226,0,0,104
2087,0,4176627869,4176627734,0,0,134
2088,0,4178631411,4178631293,0,0,118
2089,0,4180633561,4180633437,0,0,123
2090,0,4182634796,4182634689,0,0,106
2091,0,4184637106,4184636976,0,0,130
2092,0,4186639444,4186639359,0,0,85
2093,0,4188641571,4188641431,0,0,139
2094,0,4190644295,4190644168,0,0,126
2095,0,4192646252,4192646140,0,0,112
2096,0,4194648433,4194648341,0,0,92
2097,0,4196650540,4196650416,0,0,123
2098,0,4198652469,4198652363,0,0,106
2099,0,4200654865,4200654752,0,0,112
2100,0,4202656677,4202656547,0,0,130
2101,0,4204659371,4204659247,0,0,124
2102,0,4206661593,4206661510,0,0,83
2103,0,4208664064,4208663954,0,0,110
2104,0,4210666602,4210666489,0,0,112
2105,0,4212668344,4212668232,0,0,112
2106,0,4214670548,4214670438,0,0,110
2107,0,4216672447,4216672314,0,0,132
2108,0,4218674983,4218674877,0,0,105
2109,0,4220677004,4220676898,0,0,106
2110,0,4222680128,4222680019,0,0,108
2111,0,4224682680,4224682546,0,0,134
2112,0,4226684084,4226683962,0,0,121
2113,0,4228685861,4228685737,0,0,123
2114,0,4230688354,4230688235,0,0,118
2115,0,4232690889,4232690784,0,0,105
2116,0,4234692802,4234692688,0,0,114
2117,0,4236694462,4236694346,0,0,116
2118,0,4238696093,4238695984,0,0,108
2119,0,4240699548,4240699431,0,0,116
2120,0,4242702660,4242702531,0,0,129
2121,0,4244703382,4244703278,0,0,103
2122,0,4246704871,4246704765,0,0,106
2123,0,4248710082,4248709974,0,0,107
2124,0,4250710786,4250710685,0,0,101
2125,0,4252712999,4252712887,0,0,112
2126,0,4254715168,4254715039,0,0,128
2127,0,4256717253,4256717148,0,0,104
2128,0,4258719481,4258719364,0,0,116
2129,0,4260721434,4260721322,0,0,112
2130,0,4262723904,4262723787,0,0,116
2131,0,4264725664,4264725543,0,0,120
2132,0,4266727170,4266727063,0,0,106
2133,0,4268730296,4268730191,0,0,105
2134,0,4270732842,4270732755,0,0,87
2135,0,4272734561,4272734455,0,0,105
2136,0,4274736514,4274736400,0,0,113
2137,0,4276739791,4276739658,0,0,133
2138,0,4278741268,4278741133,0,0,134
2139,0,4280743390,4280743271,0,0,118
2140,0,4282746489,4282746386,0,0,102
2141,0,4284748725,4284748591,0,0,133
2142,0,4286750566,4286750451,0,0,114
2143,0,4288753146,4288753023,0,0,122
2144,0,4290755516,4290755398,0,0,118
2145,0,4292756973,4292756850,0,0,123
2146,0,4294759331,4294759254,0,0,76
2147,0,4296761501,4296761397,0,0,103
2148,0,4298764359,4298764256,0,0,102
2149,0,4300766698,4300766575,0,0,123
2150,0,4302768529,4302768438,0,0,91
2151,0,4304770339,4304770225,0,0,113
2152,0,4306773446,4306773314,0,0,132
2153,0,4308775709,4308775592,0,0,116
2154,0,4310778051,4310777947,0,0,104
2155,0,4312779800,4312779674,0,0,125
2156,0,4314781503,4314781356,0,0,147
2157,0,4316783182,4316783034,0,0,148
2158,0,4318786443,4318786326,0,0,116
2159,0,4320789912,4320789783,0,0,128
2160,0,4322790883,4322790765,0,0,118
2161,0,4324792250,4324792121,0,0,128
2162,0,4326793982,4326793903,0,0,78
2163,0,4328796851,4328796727,0,0,124
2164,0,4330798359,4330798232,0,0,126
2165,0,4332801973,4332801851,0,0,121
2166,0,4334804130,4334804031,0,0,98
2167,0,4336805776,4336805632,0,0,143
2168,0,4338808557,4338808388,0,0,168
2169,0,4340810084,4340809950,0,0,133
2170,0,4342811862,4342811783,0,0,79
2171,0,4344814926,4344814790,0,0,136
2172,0,4346817703,4346817573,0,0,130
2173,0,4348821542,4348821404,0,0,138
2174,0,4350823658,4350823513,0,0,144
2175,0,4352825640,4352825519,0,0,121
2176,0,4354827578,4354827416,0,0,161
2177,0,4356828357,4356828219,0,0,138
2178,0,4358830859,4358830756,0,0,103
2179,0,4360833941,4360833777,0,0,163
2180,0,4362835321,4362835177,0,0,143
2181,0,4364837744,4364837577,0,0,166
2182,0,4366840065,4366839944,0,0,121
2183,0,4368842069,4368841923,0,0,145
2184,0,4370844531,4370844397,0,0,134
2185,0,4372846404,4372846260,0,0,143
2186,0,4374848361,4374848219,0,0,142
2187,0,4376850660,4376850530,0,0,129
2188,0,4378852919,4378852776,0,0,142
2189,0,4380855701,4380855516,0,0,184
2190,0,4382857507,4382857421,0,0,86
2191,0,4384860105,4384859977,0,0,128
2192,0,4386862796,4386862658,0,0,138
2193,0,4388864060,4388863921,0,0,138
2194,0,4390866430,4390866352,0,0,78
2195,0,4392868032,4392867903,0,0,129
2196,0,4394869333,4394869206,0,0,126
2197,0,4396872984,4396872844,0,0,139
2198,0,4398876195,4398876056,0,0,138
2199,0,4400877692,4400877578,0,0,113
2200,0,4402879912,4402879762,0,0,150
2201,0,4404881944,4404881813,0,0,131
2202,0,4406884240,4406884123,0,0,116
2203,0,4408886098,4408885983,0,0,115
2204,0,4410888506,4410888382,0,0,123
2205,0,4412890968,4412890863,0,0,105
2206,0,4414893653,4414893516,0,0,137
2207,0,4416895958,4416895811,0,0,147
2208,0,4418897560,4418897439,0,0,121
2209,0,4420899334,4420899220,0,0,114
2210,0,4422902752,4422902667,0,0,85
2211,0,4424905069,4424904928,0,0,141
2212,0,4426906121,4426906015,0,0,106
2213,0,4428908343,4428908193,0,0,150
2214,0,4430910981,4430910894,0,0,86
2215,0,4432912737,4432912615,0,0,121
2216,0,4434915018,4434914886,0,0,132
2217,0,4436918587,4436918484,0,0,103
2218,0,4438919822,4438919734,0,0,87
2219,0,4440921611,4440921487,0,0,123
2220,0,4442924139,4442924013,0,0,126
2221,0,4444926701,4444926597,0,0,104
2222,0,4446928745,4446928662,0,0,83
2223,0,4448932048,4448931943,0,0,105
2224,0,4450933111,4450932984,0,0,126
2225,0,4452935315,4452935174,0,0,141
2226,0,4454937772,4454937669,0,0,102
2227,0,4456939442,4456939320,0,0,122
2228,0,4458942065,4458941927,0,0,138
2229,0,4460944535,4460944426,0,0,108
2230,0,4462946697,4462946613,0,0,84
2231,0,4464948703,4464948594,0,0,108
2232,0,4466951474,4466951340,0,0,134
2233,0,4468954290,4468954157,0,0,133
2234,0,4470955141,4470955031,0,0,109
2235,0,4472956745,4472956633,0,0,111
2236,0,4474959035,4474958903,0,0,132
2237,0,4476963107,4476963003,0,0,103
2238,0,4478964424,4478964308,0,0,116
2239,0,4480966454,4480966347,0,0,107
2240,0,4482968650,4482968532,0,0,118
2241,0,4484970592,4484970480,0,0,111
2242,0,4486973413,4486973310,0,0,103
2243,0,4488975588,4488975471,0,0,116
2244,0,4490977973,4490977856,0,0,116
2245,0,4492979689,4492979563,0,0,126
2246,0,4494981955,4494981833,0,0,122
2247,0,4496984130,4496984009,0,0,120
2248,0,4498986432,4498986328,0,0,104
2249,0,4500988375,4500988259,0,0,116
2250,0,4502990968,4502990866,0,0,102
2251,0,4504993088,4504992984,0,0,104
2252,0,4506995071,4506994987,0,0,84
2253,0,4508997162,4508997051,0,0,111
2254,0,4510998952,4510998845,0,0,106
2255,0,4513001813,4513001710,0,0,102
2256,0,4515005288,4515005179,0,0,109
2257,0,4517006514,4517006384,0,0,130
2258,0,4519009307,4519009202,0,0,105
2259,0,4521012120,4521012011,0,0,108
2260,0,4523013325,4523013222,0,0,103
2261,0,4525015094,4525014979,0,0,114
2262,0,4527017858,4527017736,0,0,121
2263,0,4529019752,4529019642,0,0,110
2264,0,4531021919,4531021806,0,0,112
2265,0,4533024042,4533023890,0,0,151
2266,0,4535026293,4535026202,0,0,91
2267,0,4537028353,4537028229,0,0,124
2268,0,4539030689,4539030579,0,0,110
2269,0,4541032950,4541032835,0,0,114
2270,0,4543035617,4543035513,0,0,104
2271,0,4545037579,4545037494,0,0,85
2272,0,4547039861,4547039739,0,0,122
2273,0,4549043543,4549043426,0,0,116
2274,0,4551044679,4551044593,0,0,86
2275,0,4553046267,4553046134,0,0,132
2276,0,4555049876,4555049764,0,0,112
2277,0,4557051278,4557051139,0,0,138
2278,0,4559053395,4559053269,0,0,126
2279,0,4561055400,4561055275,0,0,125
2280,0,4563057306,4563057195,0,0,110
2281,0,4565059618,4565059486,0,0,132
2282,0,4567062292,4567062180,0,0,112
2283,0,4569064083,4569063952,0,0,130
2284,0,4571066552,4571066463,0,0,88
2285,0,4573068975,4573068848,0,0,126
2286,0,4575071055,4575070958,0,0,96
2287,0,4577074010,4577073885,0,0,125
2288,0,4579076287,4579076153,0,0,134
2289,0,4581077447,4581077323,0,0,123
2290,0,4583080307,4583080160,0,0,146
2291,0,4585082069,4585081927,0,0,142
2292,0,4587084622,4587084518,0,0,104
2293,0,4589086309,4589086185,0,0,123
2294,0,4591088730,4591088600,0,0,130
2295,0,4593092112,4593091984,0,0,128
2296,0,4595093632,4595093442,0,0,190
2297,0,4597095342,4597095191,0,0,151
2298,0,4599097565,4599097400,0,0,164
2299,0,4601099578,4601099405,0,0,173
2300,0,4603101826,4603101678,0,0,148
2301,0,4605104141,4605103987,0,0,153
2302,0,4607106255,4607106108,0,0,146
2303,0,4609108979,4609108832,0,0,146
2304,0,4611110835,4611110712,0,0,123
2305,0,4613113049,4613112928,0,0,121
2306,0,4615115439,4615115375,0,0,64
2307,0,4617117772,4617117657,0,0,114
2308,0,4619120559,4619120440,0,0,119
2309,0,4621123952,4621123825,0,0,126
2310,0,4623125584,4623125471,0,0,112
2311,0,4625126795,4625126668,0,0,126
2312,0,4627129019,4627128901,0,0,118
2313,0,4629131069,4629130924,0,0,144
2314,0,4631133102,4631133023,0,0,78
2315,0,4633136042,4633135903,0,0,139
2316,0,4635137976,4635137892,0,0,83
2317,0,4637140521,4637140383,0,0,138
2318,0,4639143058,4639142903,0,0,155
2319,0,4641144732,4641144592,0,0,139
2320,0,4643146723,4643146586,0,0,137
2321,0,4645148791,4645148649,0,0,141
2322,0,4647151177,4647151052,0,0,124
2323,0,4649154800,4649154663,0,0,136
2324,0,4651155946,4651155828,0,0,118
2325,0,4653157436,4653157289,0,0,146
2326,0,4655159861,4655159734,0,0,126
2327,0,4657162093,4657161949,0,0,143
2328,0,4659164281,4659164148,0,0,132
2329,0,4661166650,4661166510,0,0,139
2330,0,4663168628,4663168461,0,0,166
2331,0,4665170924,4665170820,0,0,104
2332,0,4667173674,4667173567,0,0,106
2333,0,4669175883,4669175757,0,0,125
2334,0,4671178640,4671178512,0,0,128
2335,0,4673179739,4673179656,0,0,82
2336,0,4675182123,4675181973,0,0,150
2337,0,4677184373,4677184238,0,0,135
2338,0,4679186548,4679186389,0,0,159
2339,0,4681188593,4681188459,0,0,134
2340,0,4683190880,4683190756,0,0,123
2341,0,4685193341,4685193217,0,0,123
2342,0,4687195589,4687195479,0,0,110
2343,0,4689198056,4689197913,0,0,143
2344,0,4691199928,4691199781,0,0,146
2345,0,4693202332,4693202195,0,0,137
2346,0,4695204554,4695204470,0,0,83
2347,0,4697206351,4697206225,0,0,125
2348,0,4699208605,4699208502,0,0,103
2349,0,4701211301,4701211173,0,0,128
2350,0,4703213403,4703213296,0,0,106
2351,0,4705215735,4705215601,0,0,134
2352,0,4707217882,4707217748,0,0,134
2353,0,4709220605,4709220476,0,0,128
2354,0,4711222832,4711222715,0,0,116
2355,0,4713225222,4713225110,0,0,112
2356,0,4715226484,4715226357,0,0,127
2357,0,4717228888,4717228756,0,0,132
2358,0,4719231554,4719231447,0,0,106
2359,0,4721233150,4721233033,0,0,116
2360,0,4723236092,4723235960,0,0,132
2361,0,4725238132,4725238020,0,0,112
2362,0,4727240134,4727240018,0,0,115
2363,0,4729241954,4729241838,0,0,115
2364,0,4731244353,4731244225,0,0,128
2365,0,4733246682,4733246570,0,0,112
2366,0,4735249770,4735249657,0,0,113
2367,0,4737252040,4737251893,0,0,146
2368,0,4739253461,4739253308,0,0,152
2369,0,4741255653,4741255532,0,0,121
2370,0,4743258580,4743258459,0,0,121
2371,0,4745260565,4745260440,0,0,124
2372,0,4747261280,4747261194,0,0,85
2373,0,4749265710,4749265583,0,0,126
2374,0,4751266651,4751266539,0,0,112
2375,0,4753269402,4753269277,0,0,124
2376,0,4755271889,4755271782,0,0,106
2377,0,4757273491,4757273375,0,0,116
2378,0,4759275604,4759275503,0,0,101
2379,0,4761277532,4761277404,0,0,127
2380,0,4763279934,4763279804,0,0,130
2381,0,4765282476,4765282364,0,0,112
2382,0,4767284546,4767284442,0,0,103
2383,0,4769286483,4769286340,0,0,143
2384,0,4771288786,4771288669,0,0,116
2385,0,4773291032,4773290923,0,0,108
2386,0,4775293222,4775293120,0,0,101
2387,0,4777295810,4777295692,0,0,118
2388,0,4779297805,4779297698,0,0,106
2389,0,4781300065,4781299939,0,0,125
2390,0,4783302235,4783302121,0,0,114
2391,0,4785304558,4785304445,0,0,112
2392,0,4787307928,4787307821,0,0,107
2393,0,4789309530,4789309385,0,0,144
2394,0,4791311948,4791311810,0,0,138
2395,0,4793312919,4793312790,0,0,129
2396,0,4795314303,4795314217,0,0,85
2397,0,4797317752,4797317633,0,0,119
2398,0,4799320101,4799319987,0,0,114
2399,0,4801322522,4801322416,0,0,105
2400,0,4803324624,4803324519,0,0,105
2401,0,4805326698,4805326591,0,0,106
2402,0,4807329269,4807329139,0,0,130
2403,0,4809331429,4809331312,0,0,116
2404,0,4811334123,4811334038,0,0,85
2405,0,4813337047,4813336921,0,0,125
2406,0,4815338043,4815337941,0,0,101
2407,0,4817340080,4817339977,0,0,103
2408,0,4819342970,4819342859,0,0,110
2409,0,4821345997,4821345872,0,0,124
2410,0,4823346581,4823346414,0,0,166
2411,0,4825348830,4825348689,0,0,141
2412,0,4827352139,4827352057,0,0,82
2413,0,4829353747,4829353619,0,0,128
2414,0,4831356082,4831355952,0,0,130
2415,0,4833357782,4833357656,0,0,126
2416,0,4835359897,4835359750,0,0,147
2417,0,4837362383,4837362219,0,0,164
2418,0,4839364541,4839364377,0,0,164
2419,0,4841366644,4841366515,0,0,128
2420,0,4843368527,4843368392,0,0,134
2421,0,4845369895,4845369739,0,0,155
2422,0,4847373919,4847373747,0,0,171
2423,0,4849377698,4849377547,0,0,150
2424,0,4851378840,4851378725,0,0,114
2425,0,4853379705,4853379600,0,0,105
2426,0,4855382299,4855382168,0,0,130
2427,0,4857384269,4857384134,0,0,134
2428,0,4859387101,4859386986,0,0,114
2429,0,4861389092,4861388964,0,0,128
2430,0,4863391744,4863391621,0,0,123
2431,0,4865393382,4865393268,0,0,113
2432,0,4867396736,4867396610,0,0,125
2433,0,4869397602,4869397491,0,0,111
2434,0,4871400566,4871400478,0,0,88
2435,0,4873402337,4873402217,0,0,120
2436,0,4875404617,4875404515,0,0,102
2437,0,4877406561,4877406442,0,0,118
2438,0,4879408864,4879408747,0,0,116
2439,0,4881411266,4881411147,0,0,119
2440,0,4883414261,4883414144,0,0,116
2441,0,4885416730,4885416584,0,0,146
2442,0,4887418192,4887418089,0,0,102
2443,0,4889419613,4889419497,0,0,116
2444,0,4891421332,4891421185,0,0,147
2445,0,4893424872,4893424723,0,0,148
2446,0,4895426835,4895426705,0,0,130
2447,0,4897428777,4897428650,0,0,126
2448,0,4899431196,4899431063,0,0,132
2449,0,4901433049,4901432928,0,0,121
2450,0,4903436006,4903435907,0,0,98
2451,0,4905438838,4905438724,0,0,113
2452,0,4907440482,4907440376,0,0,105
2453,0,4909442365,4909442251,0,0,114
2454,0,4911444326,4911444213,0,0,113
2455,0,4913446676,4913446552,0,0,123
2456,0,4915449365,4915449223,0,0,141
2457,0,4917450800,4917450644,0,0,155
2458,0,4919452151,4919452070,0,0,80
2459,0,4921455449,4921455331,0,0,118
2460,0,4923458193,4923458081,0,0,112
2461,0,4925460147,4925460020,0,0,126
2462,0,4927462317,4927462173,0,0,144
2463,0,4929464802,4929464674,0,0,128
2464,0,4931466847,4931466717,0,0,130
2465,0,4933468938,4933468806,0,0,131
2466,0,4935471238,4935471091,0,0,146
2467,0,4937472982,4937472847,0,0,135
2468,0,4939474677,4939474534,0,0,142
2469,0,4941477860,4941477703,0,0,157
2470,0,4943481778,4943481612,0,0,166
2471,0,4945482340,4945482212,0,0,128
2472,0,4947484774,4947484667,0,0,106
2473,0,4949488361,4949488254,0,0,106
2474,0,4951488982,4951488865,0,0,116
2475,0,4953491280,4953491152,0,0,128
2476,0,4955493869,4955493779,0,0,89
2477,0,4957495955,4957495798,0,0,157
2478,0,4959498201,4959498077,0,0,123
2479,0,4961500307,4961500177,0,0,130
2480,0,4963502698,4963502570,0,0,128
2481,0,4965505042,4965504926,0,0,116
2482,0,4967506991,4967506867,0,0,123
2483,0,4969508683,4969508599,0,0,83
